source_file,experiment_code,run,week,temperature,star_id,date,time,flip_number,start_frame,end_frame,duration_frames,duration_seconds,seconds_from_first_flip_start,total_frames,flip_start_time,flip_end_time,total_duration_seconds,cumulative_flip_count
D:\PycnoStressMonitor\data\cold_box_flips\R1_W1_12C\i11\0-11_12_23-14_51_47-i11.csv,R1_W1_12C,R1,W1,12C,i11,2023-11-12,14:51:47,2,140,195,56,28.0,61.5,1361,70.0,97.5,680.5,1
D:\PycnoStressMonitor\data\cold_box_flips\R1_W1_12C\i11\0-11_12_23-14_51_47-i11.csv,R1_W1_12C,R1,W1,12C,i11,2023-11-12,14:51:47,3,229,339,111,55.5,106.0,1361,114.5,169.5,680.5,2
D:\PycnoStressMonitor\data\cold_box_flips\R1_W1_12C\i11\0-11_12_23-14_51_47-i11.csv,R1_W1_12C,R1,W1,12C,i11,2023-11-12,14:51:47,4,367,440,74,37.0,175.0,1361,183.5,220.0,680.5,3
D:\PycnoStressMonitor\data\cold_box_flips\R1_W1_12C\i11\0-11_12_23-14_51_47-i11.csv,R1_W1_12C,R1,W1,12C,i11,2023-11-12,14:51:47,5,455,514,60,30.0,219.0,1361,227.5,257.0,680.5,4
D:\PycnoStressMonitor\data\cold_box_flips\R1_W1_12C\i11\0-11_12_23-14_51_47-i11.csv,R1_W1_12C,R1,W1,12C,i11,2023-11-12,14:51:47,6,531,601,71,35.5,257.0,1361,265.5,300.5,680.5,5
D:\PycnoStressMonitor\data\cold_box_flips\R1_W1_12C\i3\0-11_12_23-14_10_13-i3.csv,R1_W1_12C,R1,W1,12C,i3,2023-11-12,14:10:13,2,134,159,26,13.0,39.0,1265,67.0,79.5,632.5,1
D:\PycnoStressMonitor\data\cold_box_flips\R1_W1_12C\i3\0-11_12_23-14_10_13-i3.csv,R1_W1_12C,R1,W1,12C,i3,2023-11-12,14:10:13,3,189,275,87,43.5,66.5,1265,94.5,137.5,632.5,2
D:\PycnoStressMonitor\data\cold_box_flips\R1_W1_12C\i3\0-11_12_23-14_10_13-i3.csv,R1_W1_12C,R1,W1,12C,i3,2023-11-12,14:10:13,4,296,376,81,40.5,120.0,1265,148.0,188.0,632.5,3
D:\PycnoStressMonitor\data\cold_box_flips\R1_W1_12C\i3\0-11_12_23-14_10_13-i3.csv,R1_W1_12C,R1,W1,12C,i3,2023-11-12,14:10:13,5,402,468,67,33.5,173.0,1265,201.0,234.0,632.5,4
D:\PycnoStressMonitor\data\cold_box_flips\R1_W1_12C\i3\0-11_12_23-14_10_13-i3.csv,R1_W1_12C,R1,W1,12C,i3,2023-11-12,14:10:13,6,493,539,47,23.5,218.5,1265,246.5,269.5,632.5,5
D:\PycnoStressMonitor\data\cold_box_flips\R1_W1_12C\i3\0-11_12_23-14_10_13-i3.csv,R1_W1_12C,R1,W1,12C,i3,2023-11-12,14:10:13,7,560,600,41,20.5,252.0,1265,280.0,300.0,632.5,6
D:\PycnoStressMonitor\data\cold_box_flips\R1_W1_12C\i8\0-11_12_23-14_36_34-i8.csv,R1_W1_12C,R1,W1,12C,i8,2023-11-12,14:36:34,2,471,501,31,15.5,228.5,1255,235.5,250.5,627.5,1
D:\PycnoStressMonitor\data\cold_box_flips\R1_W1_12C\i8\0-11_12_23-14_36_34-i8.csv,R1_W1_12C,R1,W1,12C,i8,2023-11-12,14:36:34,3,567,614,48,24.0,276.5,1255,283.5,307.0,627.5,2
D:\PycnoStressMonitor\data\cold_box_flips\R1_W1_12C\p12\0-11_12_23-13_56_34-p12.csv,R1_W1_12C,R1,W1,12C,p12,2023-11-12,13:56:34,2,139,191,53,26.5,49.5,1247,69.5,95.5,623.5,1
D:\PycnoStressMonitor\data\cold_box_flips\R1_W1_12C\p12\0-11_12_23-13_56_34-p12.csv,R1_W1_12C,R1,W1,12C,p12,2023-11-12,13:56:34,3,212,301,90,45.0,86.0,1247,106.0,150.5,623.5,2
D:\PycnoStressMonitor\data\cold_box_flips\R1_W1_12C\p12\0-11_12_23-13_56_34-p12.csv,R1_W1_12C,R1,W1,12C,p12,2023-11-12,13:56:34,4,324,398,75,37.5,142.0,1247,162.0,199.0,623.5,3
D:\PycnoStressMonitor\data\cold_box_flips\R1_W1_12C\p12\0-11_12_23-13_56_34-p12.csv,R1_W1_12C,R1,W1,12C,p12,2023-11-12,13:56:34,5,411,512,102,51.0,185.5,1247,205.5,256.0,623.5,4
D:\PycnoStressMonitor\data\cold_box_flips\R1_W1_12C\p12\0-11_12_23-13_56_34-p12.csv,R1_W1_12C,R1,W1,12C,p12,2023-11-12,13:56:34,6,530,559,30,15.0,245.0,1247,265.0,279.5,623.5,5
D:\PycnoStressMonitor\data\cold_box_flips\R1_W1_12C\p12\0-11_12_23-13_56_34-p12.csv,R1_W1_12C,R1,W1,12C,p12,2023-11-12,13:56:34,7,581,619,39,19.5,270.5,1247,290.5,309.5,623.5,6
D:\PycnoStressMonitor\data\cold_box_flips\R1_W1_12C\p6\0-11_12_23-13_11_25-p6.csv,R1_W1_12C,R1,W1,12C,p6,2023-11-12,13:11:25,3,178,214,37,18.5,88.5,1554,89.0,107.0,777.0,1
D:\PycnoStressMonitor\data\cold_box_flips\R1_W1_12C\p6\0-11_12_23-13_11_25-p6.csv,R1_W1_12C,R1,W1,12C,p6,2023-11-12,13:11:25,4,241,293,53,26.5,120.0,1554,120.5,146.5,777.0,2
D:\PycnoStressMonitor\data\cold_box_flips\R1_W1_12C\p6\0-11_12_23-13_11_25-p6.csv,R1_W1_12C,R1,W1,12C,p6,2023-11-12,13:11:25,5,316,349,34,17.0,157.5,1554,158.0,174.5,777.0,3
D:\PycnoStressMonitor\data\cold_box_flips\R1_W1_12C\p6\0-11_12_23-13_11_25-p6.csv,R1_W1_12C,R1,W1,12C,p6,2023-11-12,13:11:25,6,367,467,101,50.5,183.0,1554,183.5,233.5,777.0,4
D:\PycnoStressMonitor\data\cold_box_flips\R1_W1_12C\p6\0-11_12_23-13_11_25-p6.csv,R1_W1_12C,R1,W1,12C,p6,2023-11-12,13:11:25,7,483,529,47,23.5,241.0,1554,241.5,264.5,777.0,5
D:\PycnoStressMonitor\data\cold_box_flips\R1_W1_12C\p6\0-11_12_23-13_11_25-p6.csv,R1_W1_12C,R1,W1,12C,p6,2023-11-12,13:11:25,8,547,622,76,38.0,273.0,1554,273.5,311.0,777.0,6
D:\PycnoStressMonitor\data\cold_box_flips\R1_W1_12C\p9\0-11_12_23-13_26_32-p9.csv,R1_W1_12C,R1,W1,12C,p9,2023-11-12,13:26:32,2,137,165,29,14.5,53.0,1290,68.5,82.5,645.0,1
D:\PycnoStressMonitor\data\cold_box_flips\R1_W1_12C\p9\0-11_12_23-13_26_32-p9.csv,R1_W1_12C,R1,W1,12C,p9,2023-11-12,13:26:32,3,181,239,59,29.5,75.0,1290,90.5,119.5,645.0,2
D:\PycnoStressMonitor\data\cold_box_flips\R1_W1_12C\p9\0-11_12_23-13_26_32-p9.csv,R1_W1_12C,R1,W1,12C,p9,2023-11-12,13:26:32,4,255,280,26,13.0,112.0,1290,127.5,140.0,645.0,3
D:\PycnoStressMonitor\data\cold_box_flips\R1_W1_12C\p9\0-11_12_23-13_26_32-p9.csv,R1_W1_12C,R1,W1,12C,p9,2023-11-12,13:26:32,5,296,370,75,37.5,132.5,1290,148.0,185.0,645.0,4
D:\PycnoStressMonitor\data\cold_box_flips\R1_W1_12C\p9\0-11_12_23-13_26_32-p9.csv,R1_W1_12C,R1,W1,12C,p9,2023-11-12,13:26:32,6,380,465,86,43.0,174.5,1290,190.0,232.5,645.0,5
D:\PycnoStressMonitor\data\cold_box_flips\R1_W1_12C\p9\0-11_12_23-13_26_32-p9.csv,R1_W1_12C,R1,W1,12C,p9,2023-11-12,13:26:32,7,497,527,31,15.5,233.0,1290,248.5,263.5,645.0,6
D:\PycnoStressMonitor\data\cold_box_flips\R1_W1_12C\p9\0-11_12_23-13_26_32-p9.csv,R1_W1_12C,R1,W1,12C,p9,2023-11-12,13:26:32,8,563,632,70,35.0,266.0,1290,281.5,316.0,645.0,7
D:\PycnoStressMonitor\data\cold_box_flips\R1_W2_14-5C\i11\0-11_19_23-13_49_28-i11.csv,R1_W2_14-5C,R1,W2,14.5C,i11,2023-11-19,13:49:28,2,160,217,58,29.0,66.5,1439,80.0,108.5,719.5,1
D:\PycnoStressMonitor\data\cold_box_flips\R1_W2_14-5C\i11\0-11_19_23-13_49_28-i11.csv,R1_W2_14-5C,R1,W2,14.5C,i11,2023-11-19,13:49:28,3,232,264,33,16.5,102.5,1439,116.0,132.0,719.5,2
D:\PycnoStressMonitor\data\cold_box_flips\R1_W2_14-5C\i11\0-11_19_23-13_49_28-i11.csv,R1_W2_14-5C,R1,W2,14.5C,i11,2023-11-19,13:49:28,4,300,372,73,36.5,136.5,1439,150.0,186.0,719.5,3
D:\PycnoStressMonitor\data\cold_box_flips\R1_W2_14-5C\i11\0-11_19_23-13_49_28-i11.csv,R1_W2_14-5C,R1,W2,14.5C,i11,2023-11-19,13:49:28,5,397,428,32,16.0,185.0,1439,198.5,214.0,719.5,4
D:\PycnoStressMonitor\data\cold_box_flips\R1_W2_14-5C\i11\0-11_19_23-13_49_28-i11.csv,R1_W2_14-5C,R1,W2,14.5C,i11,2023-11-19,13:49:28,6,457,506,50,25.0,215.0,1439,228.5,253.0,719.5,5
D:\PycnoStressMonitor\data\cold_box_flips\R1_W2_14-5C\i11\0-11_19_23-13_49_28-i11.csv,R1_W2_14-5C,R1,W2,14.5C,i11,2023-11-19,13:49:28,7,524,587,64,32.0,248.5,1439,262.0,293.5,719.5,6
D:\PycnoStressMonitor\data\cold_box_flips\R1_W2_14-5C\i3\0-11_19_23-13_10_37-i3.csv,R1_W2_14-5C,R1,W2,14.5C,i3,2023-11-19,13:10:37,3,237,322,86,43.0,99.0,1256,118.5,161.0,628.0,1
D:\PycnoStressMonitor\data\cold_box_flips\R1_W2_14-5C\i3\0-11_19_23-13_10_37-i3.csv,R1_W2_14-5C,R1,W2,14.5C,i3,2023-11-19,13:10:37,4,348,392,45,22.5,154.5,1256,174.0,196.0,628.0,2
D:\PycnoStressMonitor\data\cold_box_flips\R1_W2_14-5C\i3\0-11_19_23-13_10_37-i3.csv,R1_W2_14-5C,R1,W2,14.5C,i3,2023-11-19,13:10:37,5,409,462,54,27.0,185.0,1256,204.5,231.0,628.0,3
D:\PycnoStressMonitor\data\cold_box_flips\R1_W2_14-5C\i3\0-11_19_23-13_10_37-i3.csv,R1_W2_14-5C,R1,W2,14.5C,i3,2023-11-19,13:10:37,6,481,545,65,32.5,221.0,1256,240.5,272.5,628.0,4
D:\PycnoStressMonitor\data\cold_box_flips\R1_W2_14-5C\i3\0-11_19_23-13_10_37-i3.csv,R1_W2_14-5C,R1,W2,14.5C,i3,2023-11-19,13:10:37,7,575,627,53,26.5,268.0,1256,287.5,313.5,628.0,5
D:\PycnoStressMonitor\data\cold_box_flips\R1_W2_14-5C\i7\0-11_19_23-13_22_44-i7.csv,R1_W2_14-5C,R1,W2,14.5C,i7,2023-11-19,13:22:44,2,173,234,62,31.0,47.5,1439,86.5,117.0,719.5,1
D:\PycnoStressMonitor\data\cold_box_flips\R1_W2_14-5C\i7\0-11_19_23-13_22_44-i7.csv,R1_W2_14-5C,R1,W2,14.5C,i7,2023-11-19,13:22:44,3,269,339,71,35.5,95.5,1439,134.5,169.5,719.5,2
D:\PycnoStressMonitor\data\cold_box_flips\R1_W2_14-5C\i7\0-11_19_23-13_22_44-i7.csv,R1_W2_14-5C,R1,W2,14.5C,i7,2023-11-19,13:22:44,4,355,397,43,21.5,138.5,1439,177.5,198.5,719.5,3
D:\PycnoStressMonitor\data\cold_box_flips\R1_W2_14-5C\i7\0-11_19_23-13_22_44-i7.csv,R1_W2_14-5C,R1,W2,14.5C,i7,2023-11-19,13:22:44,5,416,442,27,13.5,169.0,1439,208.0,221.0,719.5,4
D:\PycnoStressMonitor\data\cold_box_flips\R1_W2_14-5C\i7\0-11_19_23-13_22_44-i7.csv,R1_W2_14-5C,R1,W2,14.5C,i7,2023-11-19,13:22:44,6,455,495,41,20.5,188.5,1439,227.5,247.5,719.5,5
D:\PycnoStressMonitor\data\cold_box_flips\R1_W2_14-5C\i7\0-11_19_23-13_22_44-i7.csv,R1_W2_14-5C,R1,W2,14.5C,i7,2023-11-19,13:22:44,7,508,606,99,49.5,215.0,1439,254.0,303.0,719.5,6
D:\PycnoStressMonitor\data\cold_box_flips\R1_W2_14-5C\i8\0-11_19_23-13_37_10-i8.csv,R1_W2_14-5C,R1,W2,14.5C,i8,2023-11-19,13:37:10,3,211,243,33,16.5,105.0,1367,105.5,121.5,683.5,1
D:\PycnoStressMonitor\data\cold_box_flips\R1_W2_14-5C\i8\0-11_19_23-13_37_10-i8.csv,R1_W2_14-5C,R1,W2,14.5C,i8,2023-11-19,13:37:10,4,260,311,52,26.0,129.5,1367,130.0,155.5,683.5,2
D:\PycnoStressMonitor\data\cold_box_flips\R1_W2_14-5C\i8\0-11_19_23-13_37_10-i8.csv,R1_W2_14-5C,R1,W2,14.5C,i8,2023-11-19,13:37:10,5,322,349,28,14.0,160.5,1367,161.0,174.5,683.5,3
D:\PycnoStressMonitor\data\cold_box_flips\R1_W2_14-5C\i8\0-11_19_23-13_37_10-i8.csv,R1_W2_14-5C,R1,W2,14.5C,i8,2023-11-19,13:37:10,6,372,410,39,19.5,185.5,1367,186.0,205.0,683.5,4
D:\PycnoStressMonitor\data\cold_box_flips\R1_W2_14-5C\i8\0-11_19_23-13_37_10-i8.csv,R1_W2_14-5C,R1,W2,14.5C,i8,2023-11-19,13:37:10,7,430,469,40,20.0,214.5,1367,215.0,234.5,683.5,5
D:\PycnoStressMonitor\data\cold_box_flips\R1_W2_14-5C\i8\0-11_19_23-13_37_10-i8.csv,R1_W2_14-5C,R1,W2,14.5C,i8,2023-11-19,13:37:10,8,488,560,73,36.5,243.5,1367,244.0,280.0,683.5,6
D:\PycnoStressMonitor\data\cold_box_flips\R1_W2_14-5C\i8\0-11_19_23-13_37_10-i8.csv,R1_W2_14-5C,R1,W2,14.5C,i8,2023-11-19,13:37:10,9,580,633,54,27.0,289.5,1367,290.0,316.5,683.5,7
D:\PycnoStressMonitor\data\cold_box_flips\R1_W2_14-5C\p10\0-11_19_23-12_45_47-p10.csv,R1_W2_14-5C,R1,W2,14.5C,p10,2023-11-19,12:45:47,2,186,262,77,38.5,85.0,1384,93.0,131.0,692.0,1
D:\PycnoStressMonitor\data\cold_box_flips\R1_W2_14-5C\p10\0-11_19_23-12_45_47-p10.csv,R1_W2_14-5C,R1,W2,14.5C,p10,2023-11-19,12:45:47,3,291,374,84,42.0,137.5,1384,145.5,187.0,692.0,2
D:\PycnoStressMonitor\data\cold_box_flips\R1_W2_14-5C\p10\0-11_19_23-12_45_47-p10.csv,R1_W2_14-5C,R1,W2,14.5C,p10,2023-11-19,12:45:47,4,399,454,56,28.0,191.5,1384,199.5,227.0,692.0,3
D:\PycnoStressMonitor\data\cold_box_flips\R1_W2_14-5C\p10\0-11_19_23-12_45_47-p10.csv,R1_W2_14-5C,R1,W2,14.5C,p10,2023-11-19,12:45:47,5,481,588,108,54.0,232.5,1384,240.5,294.0,692.0,4
D:\PycnoStressMonitor\data\cold_box_flips\R1_W2_14-5C\p12\0-11_19_23-12_58_19-p12.csv,R1_W2_14-5C,R1,W2,14.5C,p12,2023-11-19,12:58:19,2,142,235,94,47.0,60.5,1242,71.0,117.5,621.0,1
D:\PycnoStressMonitor\data\cold_box_flips\R1_W2_14-5C\p12\0-11_19_23-12_58_19-p12.csv,R1_W2_14-5C,R1,W2,14.5C,p12,2023-11-19,12:58:19,3,257,311,55,27.5,118.0,1242,128.5,155.5,621.0,2
D:\PycnoStressMonitor\data\cold_box_flips\R1_W2_14-5C\p12\0-11_19_23-12_58_19-p12.csv,R1_W2_14-5C,R1,W2,14.5C,p12,2023-11-19,12:58:19,4,334,389,56,28.0,156.5,1242,167.0,194.5,621.0,3
D:\PycnoStressMonitor\data\cold_box_flips\R1_W2_14-5C\p12\0-11_19_23-12_58_19-p12.csv,R1_W2_14-5C,R1,W2,14.5C,p12,2023-11-19,12:58:19,5,408,430,23,11.5,193.5,1242,204.0,215.0,621.0,4
D:\PycnoStressMonitor\data\cold_box_flips\R1_W2_14-5C\p12\0-11_19_23-12_58_19-p12.csv,R1_W2_14-5C,R1,W2,14.5C,p12,2023-11-19,12:58:19,6,442,493,52,26.0,210.5,1242,221.0,246.5,621.0,5
D:\PycnoStressMonitor\data\cold_box_flips\R1_W2_14-5C\p12\0-11_19_23-12_58_19-p12.csv,R1_W2_14-5C,R1,W2,14.5C,p12,2023-11-19,12:58:19,7,513,527,15,7.5,246.0,1242,256.5,263.5,621.0,6
D:\PycnoStressMonitor\data\cold_box_flips\R1_W2_14-5C\p12\0-11_19_23-12_58_19-p12.csv,R1_W2_14-5C,R1,W2,14.5C,p12,2023-11-19,12:58:19,8,547,574,28,14.0,263.0,1242,273.5,287.0,621.0,7
D:\PycnoStressMonitor\data\cold_box_flips\R1_W2_14-5C\p12\0-11_19_23-12_58_19-p12.csv,R1_W2_14-5C,R1,W2,14.5C,p12,2023-11-19,12:58:19,9,589,620,32,16.0,284.0,1242,294.5,310.0,621.0,8
D:\PycnoStressMonitor\data\cold_box_flips\R1_W2_14-5C\p6\0-11_19_23-12_21_23-p6.csv,R1_W2_14-5C,R1,W2,14.5C,p6,2023-11-19,12:21:23,3,139,179,41,20.5,69.0,1314,69.5,89.5,657.0,1
D:\PycnoStressMonitor\data\cold_box_flips\R1_W2_14-5C\p6\0-11_19_23-12_21_23-p6.csv,R1_W2_14-5C,R1,W2,14.5C,p6,2023-11-19,12:21:23,4,199,236,38,19.0,99.0,1314,99.5,118.0,657.0,2
D:\PycnoStressMonitor\data\cold_box_flips\R1_W2_14-5C\p6\0-11_19_23-12_21_23-p6.csv,R1_W2_14-5C,R1,W2,14.5C,p6,2023-11-19,12:21:23,5,258,289,32,16.0,128.5,1314,129.0,144.5,657.0,3
D:\PycnoStressMonitor\data\cold_box_flips\R1_W2_14-5C\p6\0-11_19_23-12_21_23-p6.csv,R1_W2_14-5C,R1,W2,14.5C,p6,2023-11-19,12:21:23,6,312,332,21,10.5,155.5,1314,156.0,166.0,657.0,4
D:\PycnoStressMonitor\data\cold_box_flips\R1_W2_14-5C\p6\0-11_19_23-12_21_23-p6.csv,R1_W2_14-5C,R1,W2,14.5C,p6,2023-11-19,12:21:23,7,354,382,29,14.5,176.5,1314,177.0,191.0,657.0,5
D:\PycnoStressMonitor\data\cold_box_flips\R1_W2_14-5C\p6\0-11_19_23-12_21_23-p6.csv,R1_W2_14-5C,R1,W2,14.5C,p6,2023-11-19,12:21:23,8,400,436,37,18.5,199.5,1314,200.0,218.0,657.0,6
D:\PycnoStressMonitor\data\cold_box_flips\R1_W2_14-5C\p6\0-11_19_23-12_21_23-p6.csv,R1_W2_14-5C,R1,W2,14.5C,p6,2023-11-19,12:21:23,9,455,497,43,21.5,227.0,1314,227.5,248.5,657.0,7
D:\PycnoStressMonitor\data\cold_box_flips\R1_W2_14-5C\p6\0-11_19_23-12_21_23-p6.csv,R1_W2_14-5C,R1,W2,14.5C,p6,2023-11-19,12:21:23,10,513,557,45,22.5,256.0,1314,256.5,278.5,657.0,8
D:\PycnoStressMonitor\data\cold_box_flips\R1_W2_14-5C\p6\0-11_19_23-12_21_23-p6.csv,R1_W2_14-5C,R1,W2,14.5C,p6,2023-11-19,12:21:23,11,574,611,38,19.0,286.5,1314,287.0,305.5,657.0,9
D:\PycnoStressMonitor\data\cold_box_flips\R1_W2_14-5C\p9\0-11_19_23-12_33_38-p9.csv,R1_W2_14-5C,R1,W2,14.5C,p9,2023-11-19,12:33:38,2,133,194,62,31.0,35.0,1335,66.5,97.0,667.5,1
D:\PycnoStressMonitor\data\cold_box_flips\R1_W2_14-5C\p9\0-11_19_23-12_33_38-p9.csv,R1_W2_14-5C,R1,W2,14.5C,p9,2023-11-19,12:33:38,3,205,267,63,31.5,71.0,1335,102.5,133.5,667.5,2
D:\PycnoStressMonitor\data\cold_box_flips\R1_W2_14-5C\p9\0-11_19_23-12_33_38-p9.csv,R1_W2_14-5C,R1,W2,14.5C,p9,2023-11-19,12:33:38,4,290,355,66,33.0,113.5,1335,145.0,177.5,667.5,3
D:\PycnoStressMonitor\data\cold_box_flips\R1_W2_14-5C\p9\0-11_19_23-12_33_38-p9.csv,R1_W2_14-5C,R1,W2,14.5C,p9,2023-11-19,12:33:38,5,372,460,89,44.5,154.5,1335,186.0,230.0,667.5,4
D:\PycnoStressMonitor\data\cold_box_flips\R1_W2_14-5C\p9\0-11_19_23-12_33_38-p9.csv,R1_W2_14-5C,R1,W2,14.5C,p9,2023-11-19,12:33:38,6,479,507,29,14.5,208.0,1335,239.5,253.5,667.5,5
D:\PycnoStressMonitor\data\cold_box_flips\R1_W2_14-5C\p9\0-11_19_23-12_33_38-p9.csv,R1_W2_14-5C,R1,W2,14.5C,p9,2023-11-19,12:33:38,7,554,605,52,26.0,245.5,1335,277.0,302.5,667.5,6
D:\PycnoStressMonitor\data\cold_box_flips\R2_W1_12C\i2\0-12_04_23-14_02_09-i2.csv,R2_W1_12C,R2,W1,12C,i2,2023-12-04,14:02:09,3,145,152,8,4.0,70.5,1439,72.5,76.0,719.5,1
D:\PycnoStressMonitor\data\cold_box_flips\R2_W1_12C\i2\0-12_04_23-14_02_09-i2.csv,R2_W1_12C,R2,W1,12C,i2,2023-12-04,14:02:09,4,164,205,42,21.0,80.0,1439,82.0,102.5,719.5,2
D:\PycnoStressMonitor\data\cold_box_flips\R2_W1_12C\i2\0-12_04_23-14_02_09-i2.csv,R2_W1_12C,R2,W1,12C,i2,2023-12-04,14:02:09,5,244,277,34,17.0,120.0,1439,122.0,138.5,719.5,3
D:\PycnoStressMonitor\data\cold_box_flips\R2_W1_12C\i2\0-12_04_23-14_02_09-i2.csv,R2_W1_12C,R2,W1,12C,i2,2023-12-04,14:02:09,6,297,398,102,51.0,146.5,1439,148.5,199.0,719.5,4
D:\PycnoStressMonitor\data\cold_box_flips\R2_W1_12C\i2\0-12_04_23-14_02_09-i2.csv,R2_W1_12C,R2,W1,12C,i2,2023-12-04,14:02:09,7,430,485,56,28.0,213.0,1439,215.0,242.5,719.5,5
D:\PycnoStressMonitor\data\cold_box_flips\R2_W1_12C\i2\0-12_04_23-14_02_09-i2.csv,R2_W1_12C,R2,W1,12C,i2,2023-12-04,14:02:09,8,515,570,56,28.0,255.5,1439,257.5,285.0,719.5,6
D:\PycnoStressMonitor\data\cold_box_flips\R2_W1_12C\i2\0-12_04_23-14_02_09-i2.csv,R2_W1_12C,R2,W1,12C,i2,2023-12-04,14:02:09,9,590,653,64,32.0,293.0,1439,295.0,326.5,719.5,7
D:\PycnoStressMonitor\data\cold_box_flips\R2_W1_12C\i4\0-12_04_23-14_16_26-i4.csv,R2_W1_12C,R2,W1,12C,i4,2023-12-04,14:16:26,2,133,218,86,43.0,57.5,1242,66.5,109.0,621.0,1
D:\PycnoStressMonitor\data\cold_box_flips\R2_W1_12C\i4\0-12_04_23-14_16_26-i4.csv,R2_W1_12C,R2,W1,12C,i4,2023-12-04,14:16:26,3,241,324,84,42.0,111.5,1242,120.5,162.0,621.0,2
D:\PycnoStressMonitor\data\cold_box_flips\R2_W1_12C\i4\0-12_04_23-14_16_26-i4.csv,R2_W1_12C,R2,W1,12C,i4,2023-12-04,14:16:26,4,341,386,46,23.0,161.5,1242,170.5,193.0,621.0,3
D:\PycnoStressMonitor\data\cold_box_flips\R2_W1_12C\i4\0-12_04_23-14_16_26-i4.csv,R2_W1_12C,R2,W1,12C,i4,2023-12-04,14:16:26,5,406,435,30,15.0,194.0,1242,203.0,217.5,621.0,4
D:\PycnoStressMonitor\data\cold_box_flips\R2_W1_12C\i4\0-12_04_23-14_16_26-i4.csv,R2_W1_12C,R2,W1,12C,i4,2023-12-04,14:16:26,6,460,526,67,33.5,221.0,1242,230.0,263.0,621.0,5
D:\PycnoStressMonitor\data\cold_box_flips\R2_W1_12C\i4\0-12_04_23-14_16_26-i4.csv,R2_W1_12C,R2,W1,12C,i4,2023-12-04,14:16:26,7,543,623,81,40.5,262.5,1242,271.5,311.5,621.0,6
D:\PycnoStressMonitor\data\cold_box_flips\R2_W1_12C\i6\0-12_04_23-14_29_42-i6.csv,R2_W1_12C,R2,W1,12C,i6,2023-12-04,14:29:42,2,184,273,90,45.0,63.0,1264,92.0,136.5,632.0,1
D:\PycnoStressMonitor\data\cold_box_flips\R2_W1_12C\i6\0-12_04_23-14_29_42-i6.csv,R2_W1_12C,R2,W1,12C,i6,2023-12-04,14:29:42,3,318,395,78,39.0,130.0,1264,159.0,197.5,632.0,2
D:\PycnoStressMonitor\data\cold_box_flips\R2_W1_12C\i6\0-12_04_23-14_29_42-i6.csv,R2_W1_12C,R2,W1,12C,i6,2023-12-04,14:29:42,4,415,494,80,40.0,178.5,1264,207.5,247.0,632.0,3
D:\PycnoStressMonitor\data\cold_box_flips\R2_W1_12C\i6\0-12_04_23-14_29_42-i6.csv,R2_W1_12C,R2,W1,12C,i6,2023-12-04,14:29:42,5,534,570,37,18.5,238.0,1264,267.0,285.0,632.0,4
D:\PycnoStressMonitor\data\cold_box_flips\R2_W1_12C\i6\0-12_04_23-14_29_42-i6.csv,R2_W1_12C,R2,W1,12C,i6,2023-12-04,14:29:42,6,594,650,57,28.5,268.0,1264,297.0,325.0,632.0,5
D:\PycnoStressMonitor\data\cold_box_flips\R2_W1_12C\p1\0-12_04_23-14_42_36-p1.csv,R2_W1_12C,R2,W1,12C,p1,2023-12-04,14:42:36,3,188,239,52,26.0,70.5,1274,94.0,119.5,637.0,1
D:\PycnoStressMonitor\data\cold_box_flips\R2_W1_12C\p1\0-12_04_23-14_42_36-p1.csv,R2_W1_12C,R2,W1,12C,p1,2023-12-04,14:42:36,4,258,293,36,18.0,105.5,1274,129.0,146.5,637.0,2
D:\PycnoStressMonitor\data\cold_box_flips\R2_W1_12C\p1\0-12_04_23-14_42_36-p1.csv,R2_W1_12C,R2,W1,12C,p1,2023-12-04,14:42:36,5,312,344,33,16.5,132.5,1274,156.0,172.0,637.0,3
D:\PycnoStressMonitor\data\cold_box_flips\R2_W1_12C\p1\0-12_04_23-14_42_36-p1.csv,R2_W1_12C,R2,W1,12C,p1,2023-12-04,14:42:36,6,369,413,45,22.5,161.0,1274,184.5,206.5,637.0,4
D:\PycnoStressMonitor\data\cold_box_flips\R2_W1_12C\p1\0-12_04_23-14_42_36-p1.csv,R2_W1_12C,R2,W1,12C,p1,2023-12-04,14:42:36,7,429,478,50,25.0,191.0,1274,214.5,239.0,637.0,5
D:\PycnoStressMonitor\data\cold_box_flips\R2_W1_12C\p1\0-12_04_23-14_42_36-p1.csv,R2_W1_12C,R2,W1,12C,p1,2023-12-04,14:42:36,8,503,560,58,29.0,228.0,1274,251.5,280.0,637.0,6
D:\PycnoStressMonitor\data\cold_box_flips\R2_W1_12C\p1\0-12_04_23-14_42_36-p1.csv,R2_W1_12C,R2,W1,12C,p1,2023-12-04,14:42:36,9,596,611,16,8.0,274.5,1274,298.0,305.5,637.0,7
D:\PycnoStressMonitor\data\cold_box_flips\R2_W1_12C\p11\0-12_04_23-15_26_52-p11.csv,R2_W1_12C,R2,W1,12C,p11,2023-12-04,15:26:52,4,313,463,151,75.5,155.5,1439,156.5,231.5,719.5,1
D:\PycnoStressMonitor\data\cold_box_flips\R2_W1_12C\p11\0-12_04_23-15_26_52-p11.csv,R2_W1_12C,R2,W1,12C,p11,2023-12-04,15:26:52,5,489,572,84,42.0,243.5,1439,244.5,286.0,719.5,2
D:\PycnoStressMonitor\data\cold_box_flips\R2_W1_12C\p2\0-12_04_23-14_58_24-p2.csv,R2_W1_12C,R2,W1,12C,p2,2023-12-04,14:58:24,3,136,160,25,12.5,50.5,1315,68.0,80.0,657.5,1
D:\PycnoStressMonitor\data\cold_box_flips\R2_W1_12C\p2\0-12_04_23-14_58_24-p2.csv,R2_W1_12C,R2,W1,12C,p2,2023-12-04,14:58:24,4,175,219,45,22.5,70.0,1315,87.5,109.5,657.5,2
D:\PycnoStressMonitor\data\cold_box_flips\R2_W1_12C\p2\0-12_04_23-14_58_24-p2.csv,R2_W1_12C,R2,W1,12C,p2,2023-12-04,14:58:24,5,255,296,42,21.0,110.0,1315,127.5,148.0,657.5,3
D:\PycnoStressMonitor\data\cold_box_flips\R2_W1_12C\p2\0-12_04_23-14_58_24-p2.csv,R2_W1_12C,R2,W1,12C,p2,2023-12-04,14:58:24,6,315,340,26,13.0,140.0,1315,157.5,170.0,657.5,4
D:\PycnoStressMonitor\data\cold_box_flips\R2_W1_12C\p2\0-12_04_23-14_58_24-p2.csv,R2_W1_12C,R2,W1,12C,p2,2023-12-04,14:58:24,7,363,387,25,12.5,164.0,1315,181.5,193.5,657.5,5
D:\PycnoStressMonitor\data\cold_box_flips\R2_W1_12C\p2\0-12_04_23-14_58_24-p2.csv,R2_W1_12C,R2,W1,12C,p2,2023-12-04,14:58:24,8,408,435,28,14.0,186.5,1315,204.0,217.5,657.5,6
D:\PycnoStressMonitor\data\cold_box_flips\R2_W1_12C\p2\0-12_04_23-14_58_24-p2.csv,R2_W1_12C,R2,W1,12C,p2,2023-12-04,14:58:24,9,463,498,36,18.0,214.0,1315,231.5,249.0,657.5,7
D:\PycnoStressMonitor\data\cold_box_flips\R2_W1_12C\p2\0-12_04_23-14_58_24-p2.csv,R2_W1_12C,R2,W1,12C,p2,2023-12-04,14:58:24,10,536,560,25,12.5,250.5,1315,268.0,280.0,657.5,8
D:\PycnoStressMonitor\data\cold_box_flips\R2_W1_12C\p8\0-12_04_23-15_12_38-p8.csv,R2_W1_12C,R2,W1,12C,p8,2023-12-04,15:12:38,2,260,388,129,64.5,103.0,1331,130.0,194.0,665.5,1
D:\PycnoStressMonitor\data\cold_box_flips\R2_W1_12C\p8\0-12_04_23-15_12_38-p8.csv,R2_W1_12C,R2,W1,12C,p8,2023-12-04,15:12:38,3,410,526,117,58.5,178.0,1331,205.0,263.0,665.5,2
D:\PycnoStressMonitor\data\cold_box_flips\R2_W1_12C\p8\0-12_04_23-15_12_38-p8.csv,R2_W1_12C,R2,W1,12C,p8,2023-12-04,15:12:38,4,560,804,245,122.5,253.0,1331,280.0,402.0,665.5,3
D:\PycnoStressMonitor\data\cold_box_flips\R2_W2_12C\i2\0-12_10_23-12_40_36-i2.csv,R2_W2_12C,R2,W2,12C,i2,2023-12-10,12:40:36,2,397,453,57,28.5,186.5,1294,198.5,226.5,647.0,1
D:\PycnoStressMonitor\data\cold_box_flips\R2_W2_12C\i2\0-12_10_23-12_40_36-i2.csv,R2_W2_12C,R2,W2,12C,i2,2023-12-10,12:40:36,3,481,598,118,59.0,228.5,1294,240.5,299.0,647.0,2
D:\PycnoStressMonitor\data\cold_box_flips\R2_W2_12C\i4\0-12_10_23-12_53_13-i4.csv,R2_W2_12C,R2,W2,12C,i4,2023-12-10,12:53:13,2,136,211,76,38.0,51.5,1439,68.0,105.5,719.5,1
D:\PycnoStressMonitor\data\cold_box_flips\R2_W2_12C\i4\0-12_10_23-12_53_13-i4.csv,R2_W2_12C,R2,W2,12C,i4,2023-12-10,12:53:13,3,248,342,95,47.5,107.5,1439,124.0,171.0,719.5,2
D:\PycnoStressMonitor\data\cold_box_flips\R2_W2_12C\i4\0-12_10_23-12_53_13-i4.csv,R2_W2_12C,R2,W2,12C,i4,2023-12-10,12:53:13,4,362,387,26,13.0,164.5,1439,181.0,193.5,719.5,3
D:\PycnoStressMonitor\data\cold_box_flips\R2_W2_12C\i4\0-12_10_23-12_53_13-i4.csv,R2_W2_12C,R2,W2,12C,i4,2023-12-10,12:53:13,5,406,442,37,18.5,186.5,1439,203.0,221.0,719.5,4
D:\PycnoStressMonitor\data\cold_box_flips\R2_W2_12C\i4\0-12_10_23-12_53_13-i4.csv,R2_W2_12C,R2,W2,12C,i4,2023-12-10,12:53:13,6,458,525,68,34.0,212.5,1439,229.0,262.5,719.5,5
D:\PycnoStressMonitor\data\cold_box_flips\R2_W2_12C\i4\0-12_10_23-12_53_13-i4.csv,R2_W2_12C,R2,W2,12C,i4,2023-12-10,12:53:13,7,544,609,66,33.0,255.5,1439,272.0,304.5,719.5,6
D:\PycnoStressMonitor\data\cold_box_flips\R2_W2_12C\i6\0-12_10_23-13_07_10-i6.csv,R2_W2_12C,R2,W2,12C,i6,2023-12-10,13:07:10,2,177,259,83,41.5,44.0,1328,88.5,129.5,664.0,1
D:\PycnoStressMonitor\data\cold_box_flips\R2_W2_12C\i6\0-12_10_23-13_07_10-i6.csv,R2_W2_12C,R2,W2,12C,i6,2023-12-10,13:07:10,3,264,283,20,10.0,87.5,1328,132.0,141.5,664.0,2
D:\PycnoStressMonitor\data\cold_box_flips\R2_W2_12C\i6\0-12_10_23-13_07_10-i6.csv,R2_W2_12C,R2,W2,12C,i6,2023-12-10,13:07:10,4,298,382,85,42.5,104.5,1328,149.0,191.0,664.0,3
D:\PycnoStressMonitor\data\cold_box_flips\R2_W2_12C\i6\0-12_10_23-13_07_10-i6.csv,R2_W2_12C,R2,W2,12C,i6,2023-12-10,13:07:10,5,418,527,110,55.0,164.5,1328,209.0,263.5,664.0,4
D:\PycnoStressMonitor\data\cold_box_flips\R2_W2_12C\i6\0-12_10_23-13_07_10-i6.csv,R2_W2_12C,R2,W2,12C,i6,2023-12-10,13:07:10,6,547,633,87,43.5,229.0,1328,273.5,316.5,664.0,5
D:\PycnoStressMonitor\data\cold_box_flips\R2_W2_12C\p1\0-12_10_23-13_19_29-p1.csv,R2_W2_12C,R2,W2,12C,p1,2023-12-10,13:19:29,2,223,310,88,44.0,82.5,1276,111.5,155.0,638.0,1
D:\PycnoStressMonitor\data\cold_box_flips\R2_W2_12C\p1\0-12_10_23-13_19_29-p1.csv,R2_W2_12C,R2,W2,12C,p1,2023-12-10,13:19:29,3,328,377,50,25.0,135.0,1276,164.0,188.5,638.0,2
D:\PycnoStressMonitor\data\cold_box_flips\R2_W2_12C\p1\0-12_10_23-13_19_29-p1.csv,R2_W2_12C,R2,W2,12C,p1,2023-12-10,13:19:29,4,397,478,82,41.0,169.5,1276,198.5,239.0,638.0,3
D:\PycnoStressMonitor\data\cold_box_flips\R2_W2_12C\p1\0-12_10_23-13_19_29-p1.csv,R2_W2_12C,R2,W2,12C,p1,2023-12-10,13:19:29,5,501,581,81,40.5,221.5,1276,250.5,290.5,638.0,4
D:\PycnoStressMonitor\data\cold_box_flips\R2_W2_12C\p11\0-12_10_23-13_58_59-p11.csv,R2_W2_12C,R2,W2,12C,p11,2023-12-10,13:58:59,3,173,202,30,15.0,75.0,1280,86.5,101.0,640.0,1
D:\PycnoStressMonitor\data\cold_box_flips\R2_W2_12C\p11\0-12_10_23-13_58_59-p11.csv,R2_W2_12C,R2,W2,12C,p11,2023-12-10,13:58:59,4,224,284,61,30.5,100.5,1280,112.0,142.0,640.0,2
D:\PycnoStressMonitor\data\cold_box_flips\R2_W2_12C\p11\0-12_10_23-13_58_59-p11.csv,R2_W2_12C,R2,W2,12C,p11,2023-12-10,13:58:59,5,305,442,138,69.0,141.0,1280,152.5,221.0,640.0,3
D:\PycnoStressMonitor\data\cold_box_flips\R2_W2_12C\p11\0-12_10_23-13_58_59-p11.csv,R2_W2_12C,R2,W2,12C,p11,2023-12-10,13:58:59,6,462,529,68,34.0,219.5,1280,231.0,264.5,640.0,4
D:\PycnoStressMonitor\data\cold_box_flips\R2_W2_12C\p11\0-12_10_23-13_58_59-p11.csv,R2_W2_12C,R2,W2,12C,p11,2023-12-10,13:58:59,7,545,606,62,31.0,261.0,1280,272.5,303.0,640.0,5
D:\PycnoStressMonitor\data\cold_box_flips\R2_W2_12C\p2\0-12_10_23-13_34_22-p2.csv,R2_W2_12C,R2,W2,12C,p2,2023-12-10,13:34:22,4,175,227,53,26.5,85.5,1281,87.5,113.5,640.5,1
D:\PycnoStressMonitor\data\cold_box_flips\R2_W2_12C\p2\0-12_10_23-13_34_22-p2.csv,R2_W2_12C,R2,W2,12C,p2,2023-12-10,13:34:22,5,246,273,28,14.0,121.0,1281,123.0,136.5,640.5,2
D:\PycnoStressMonitor\data\cold_box_flips\R2_W2_12C\p2\0-12_10_23-13_34_22-p2.csv,R2_W2_12C,R2,W2,12C,p2,2023-12-10,13:34:22,6,295,324,30,15.0,145.5,1281,147.5,162.0,640.5,3
D:\PycnoStressMonitor\data\cold_box_flips\R2_W2_12C\p2\0-12_10_23-13_34_22-p2.csv,R2_W2_12C,R2,W2,12C,p2,2023-12-10,13:34:22,7,340,375,36,18.0,168.0,1281,170.0,187.5,640.5,4
D:\PycnoStressMonitor\data\cold_box_flips\R2_W2_12C\p2\0-12_10_23-13_34_22-p2.csv,R2_W2_12C,R2,W2,12C,p2,2023-12-10,13:34:22,8,411,458,48,24.0,203.5,1281,205.5,229.0,640.5,5
D:\PycnoStressMonitor\data\cold_box_flips\R2_W2_12C\p2\0-12_10_23-13_34_22-p2.csv,R2_W2_12C,R2,W2,12C,p2,2023-12-10,13:34:22,9,481,541,61,30.5,238.5,1281,240.5,270.5,640.5,6
D:\PycnoStressMonitor\data\cold_box_flips\R2_W2_12C\p2\0-12_10_23-13_34_22-p2.csv,R2_W2_12C,R2,W2,12C,p2,2023-12-10,13:34:22,10,559,588,30,15.0,277.5,1281,279.5,294.0,640.5,7
D:\PycnoStressMonitor\data\cold_box_flips\R2_W2_12C\p8\0-12_10_23-13_46_42-p8.csv,R2_W2_12C,R2,W2,12C,p8,2023-12-10,13:46:42,2,186,296,111,55.5,78.5,1344,93.0,148.0,672.0,1
D:\PycnoStressMonitor\data\cold_box_flips\R2_W2_12C\p8\0-12_10_23-13_46_42-p8.csv,R2_W2_12C,R2,W2,12C,p8,2023-12-10,13:46:42,3,316,413,98,49.0,143.5,1344,158.0,206.5,672.0,2
D:\PycnoStressMonitor\data\cold_box_flips\R2_W2_12C\p8\0-12_10_23-13_46_42-p8.csv,R2_W2_12C,R2,W2,12C,p8,2023-12-10,13:46:42,4,443,546,104,52.0,207.0,1344,221.5,273.0,672.0,3
D:\PycnoStressMonitor\data\cold_box_flips\R2_W2_12C\p8\0-12_10_23-13_46_42-p8.csv,R2_W2_12C,R2,W2,12C,p8,2023-12-10,13:46:42,5,570,667,98,49.0,270.5,1344,285.0,333.5,672.0,4
D:\PycnoStressMonitor\data\cold_box_flips\R3_W1_12C\i1\0-12_14_23-14_00_42-i1.csv,R3_W1_12C,R3,W1,12C,i1,2023-12-14,14:00:42,2,262,353,92,46.0,115.0,1426,131.0,176.5,713.0,1
D:\PycnoStressMonitor\data\cold_box_flips\R3_W1_12C\i1\0-12_14_23-14_00_42-i1.csv,R3_W1_12C,R3,W1,12C,i1,2023-12-14,14:00:42,3,377,448,72,36.0,172.5,1426,188.5,224.0,713.0,2
D:\PycnoStressMonitor\data\cold_box_flips\R3_W1_12C\i1\0-12_14_23-14_00_42-i1.csv,R3_W1_12C,R3,W1,12C,i1,2023-12-14,14:00:42,4,470,568,99,49.5,219.0,1426,235.0,284.0,713.0,3
D:\PycnoStressMonitor\data\cold_box_flips\R3_W1_12C\i1\0-12_14_23-14_00_42-i1.csv,R3_W1_12C,R3,W1,12C,i1,2023-12-14,14:00:42,5,583,640,58,29.0,275.5,1426,291.5,320.0,713.0,4
D:\PycnoStressMonitor\data\cold_box_flips\R3_W1_12C\i10\0-12_14_23-14_26_30-i10.csv,R3_W1_12C,R3,W1,12C,i10,2023-12-14,14:26:30,2,437,605,169,84.5,197.0,1341,218.5,302.5,670.5,1
D:\PycnoStressMonitor\data\cold_box_flips\R3_W1_12C\i12\0-12_14_23-14_38_49-i12.csv,R3_W1_12C,R3,W1,12C,i12,2023-12-14,14:38:49,2,158,249,92,46.0,63.5,1293,79.0,124.5,646.5,1
D:\PycnoStressMonitor\data\cold_box_flips\R3_W1_12C\i12\0-12_14_23-14_38_49-i12.csv,R3_W1_12C,R3,W1,12C,i12,2023-12-14,14:38:49,3,264,399,136,68.0,116.5,1293,132.0,199.5,646.5,2
D:\PycnoStressMonitor\data\cold_box_flips\R3_W1_12C\i12\0-12_14_23-14_38_49-i12.csv,R3_W1_12C,R3,W1,12C,i12,2023-12-14,14:38:49,4,422,562,141,70.5,195.5,1293,211.0,281.0,646.5,3
D:\PycnoStressMonitor\data\cold_box_flips\R3_W1_12C\i12\0-12_14_23-14_38_49-i12.csv,R3_W1_12C,R3,W1,12C,i12,2023-12-14,14:38:49,5,588,640,53,26.5,278.5,1293,294.0,320.0,646.5,4
D:\PycnoStressMonitor\data\cold_box_flips\R3_W1_12C\i9\0-12_14_23-14_13_30-i9.csv,R3_W1_12C,R3,W1,12C,i9,2023-12-14,14:13:30,2,172,256,85,42.5,70.0,1430,86.0,128.0,715.0,1
D:\PycnoStressMonitor\data\cold_box_flips\R3_W1_12C\i9\0-12_14_23-14_13_30-i9.csv,R3_W1_12C,R3,W1,12C,i9,2023-12-14,14:13:30,3,289,352,64,32.0,128.5,1430,144.5,176.0,715.0,2
D:\PycnoStressMonitor\data\cold_box_flips\R3_W1_12C\i9\0-12_14_23-14_13_30-i9.csv,R3_W1_12C,R3,W1,12C,i9,2023-12-14,14:13:30,4,369,428,60,30.0,168.5,1430,184.5,214.0,715.0,3
D:\PycnoStressMonitor\data\cold_box_flips\R3_W1_12C\i9\0-12_14_23-14_13_30-i9.csv,R3_W1_12C,R3,W1,12C,i9,2023-12-14,14:13:30,5,451,486,36,18.0,209.5,1430,225.5,243.0,715.0,4
D:\PycnoStressMonitor\data\cold_box_flips\R3_W1_12C\i9\0-12_14_23-14_13_30-i9.csv,R3_W1_12C,R3,W1,12C,i9,2023-12-14,14:13:30,6,513,591,79,39.5,240.5,1430,256.5,295.5,715.0,5
D:\PycnoStressMonitor\data\cold_box_flips\R3_W1_12C\p3\0-12_14_23-13_09_30-p3.csv,R3_W1_12C,R3,W1,12C,p3,2023-12-14,13:09:30,3,154,230,77,38.5,76.5,1432,77.0,115.0,716.0,1
D:\PycnoStressMonitor\data\cold_box_flips\R3_W1_12C\p3\0-12_14_23-13_09_30-p3.csv,R3_W1_12C,R3,W1,12C,p3,2023-12-14,13:09:30,4,249,345,97,48.5,124.0,1432,124.5,172.5,716.0,2
D:\PycnoStressMonitor\data\cold_box_flips\R3_W1_12C\p3\0-12_14_23-13_09_30-p3.csv,R3_W1_12C,R3,W1,12C,p3,2023-12-14,13:09:30,5,366,367,2,1.0,182.5,1432,183.0,183.5,716.0,3
D:\PycnoStressMonitor\data\cold_box_flips\R3_W1_12C\p3\0-12_14_23-13_09_30-p3.csv,R3_W1_12C,R3,W1,12C,p3,2023-12-14,13:09:30,6,368,404,37,18.5,183.5,1432,184.0,202.0,716.0,4
D:\PycnoStressMonitor\data\cold_box_flips\R3_W1_12C\p3\0-12_14_23-13_09_30-p3.csv,R3_W1_12C,R3,W1,12C,p3,2023-12-14,13:09:30,7,430,534,105,52.5,214.5,1432,215.0,267.0,716.0,5
D:\PycnoStressMonitor\data\cold_box_flips\R3_W1_12C\p3\0-12_14_23-13_09_30-p3.csv,R3_W1_12C,R3,W1,12C,p3,2023-12-14,13:09:30,8,562,563,2,1.0,280.5,1432,281.0,281.5,716.0,6
D:\PycnoStressMonitor\data\cold_box_flips\R3_W1_12C\p3\0-12_14_23-13_09_30-p3.csv,R3_W1_12C,R3,W1,12C,p3,2023-12-14,13:09:30,9,564,606,43,21.5,281.5,1432,282.0,303.0,716.0,7
D:\PycnoStressMonitor\data\cold_box_flips\R3_W1_12C\p4\0-12_14_23-13_22_53-p4.csv,R3_W1_12C,R3,W1,12C,p4,2023-12-14,13:22:53,3,149,192,44,22.0,65.0,1339,74.5,96.0,669.5,1
D:\PycnoStressMonitor\data\cold_box_flips\R3_W1_12C\p4\0-12_14_23-13_22_53-p4.csv,R3_W1_12C,R3,W1,12C,p4,2023-12-14,13:22:53,4,215,250,36,18.0,98.0,1339,107.5,125.0,669.5,2
D:\PycnoStressMonitor\data\cold_box_flips\R3_W1_12C\p4\0-12_14_23-13_22_53-p4.csv,R3_W1_12C,R3,W1,12C,p4,2023-12-14,13:22:53,5,279,321,43,21.5,130.0,1339,139.5,160.5,669.5,3
D:\PycnoStressMonitor\data\cold_box_flips\R3_W1_12C\p4\0-12_14_23-13_22_53-p4.csv,R3_W1_12C,R3,W1,12C,p4,2023-12-14,13:22:53,6,352,463,112,56.0,166.5,1339,176.0,231.5,669.5,4
D:\PycnoStressMonitor\data\cold_box_flips\R3_W1_12C\p4\0-12_14_23-13_22_53-p4.csv,R3_W1_12C,R3,W1,12C,p4,2023-12-14,13:22:53,7,496,549,54,27.0,238.5,1339,248.0,274.5,669.5,5
D:\PycnoStressMonitor\data\cold_box_flips\R3_W1_12C\p4\0-12_14_23-13_22_53-p4.csv,R3_W1_12C,R3,W1,12C,p4,2023-12-14,13:22:53,8,577,654,78,39.0,279.0,1339,288.5,327.0,669.5,6
D:\PycnoStressMonitor\data\cold_box_flips\R3_W1_12C\p5\1-12_14_23-13_34_54-p5.csv,R3_W1_12C,R3,W1,12C,p5,2023-12-14,13:34:54,2,218,297,80,40.0,61.5,1432,109.0,148.5,716.0,1
D:\PycnoStressMonitor\data\cold_box_flips\R3_W1_12C\p5\1-12_14_23-13_34_54-p5.csv,R3_W1_12C,R3,W1,12C,p5,2023-12-14,13:34:54,3,319,366,48,24.0,112.0,1432,159.5,183.0,716.0,2
D:\PycnoStressMonitor\data\cold_box_flips\R3_W1_12C\p5\1-12_14_23-13_34_54-p5.csv,R3_W1_12C,R3,W1,12C,p5,2023-12-14,13:34:54,4,384,436,53,26.5,144.5,1432,192.0,218.0,716.0,3
D:\PycnoStressMonitor\data\cold_box_flips\R3_W1_12C\p5\1-12_14_23-13_34_54-p5.csv,R3_W1_12C,R3,W1,12C,p5,2023-12-14,13:34:54,5,459,491,33,16.5,182.0,1432,229.5,245.5,716.0,4
D:\PycnoStressMonitor\data\cold_box_flips\R3_W1_12C\p5\1-12_14_23-13_34_54-p5.csv,R3_W1_12C,R3,W1,12C,p5,2023-12-14,13:34:54,6,522,612,91,45.5,213.5,1432,261.0,306.0,716.0,5
D:\PycnoStressMonitor\data\cold_box_flips\R3_W1_12C\p7\0-12_14_23-13_47_49-p7.csv,R3_W1_12C,R3,W1,12C,p7,2023-12-14,13:47:49,2,181,238,58,29.0,38.5,1363,90.5,119.0,681.5,1
D:\PycnoStressMonitor\data\cold_box_flips\R3_W1_12C\p7\0-12_14_23-13_47_49-p7.csv,R3_W1_12C,R3,W1,12C,p7,2023-12-14,13:47:49,3,270,344,75,37.5,83.0,1363,135.0,172.0,681.5,2
D:\PycnoStressMonitor\data\cold_box_flips\R3_W1_12C\p7\0-12_14_23-13_47_49-p7.csv,R3_W1_12C,R3,W1,12C,p7,2023-12-14,13:47:49,4,396,432,37,18.5,146.0,1363,198.0,216.0,681.5,3
D:\PycnoStressMonitor\data\cold_box_flips\R3_W1_12C\p7\0-12_14_23-13_47_49-p7.csv,R3_W1_12C,R3,W1,12C,p7,2023-12-14,13:47:49,5,463,508,46,23.0,179.5,1363,231.5,254.0,681.5,4
D:\PycnoStressMonitor\data\cold_box_flips\R3_W1_12C\p7\0-12_14_23-13_47_49-p7.csv,R3_W1_12C,R3,W1,12C,p7,2023-12-14,13:47:49,6,526,600,75,37.5,211.0,1363,263.0,300.0,681.5,5
D:\PycnoStressMonitor\data\cold_box_flips\R3_W2_17C\i1\0-12_20_23-13_00_13-i1.csv,R3_W2_17C,R3,W2,17C,i1,2023-12-20,13:00:13,2,163,253,91,45.5,67.0,1253,81.5,126.5,626.5,1
D:\PycnoStressMonitor\data\cold_box_flips\R3_W2_17C\i1\0-12_20_23-13_00_13-i1.csv,R3_W2_17C,R3,W2,17C,i1,2023-12-20,13:00:13,3,264,353,90,45.0,117.5,1253,132.0,176.5,626.5,2
D:\PycnoStressMonitor\data\cold_box_flips\R3_W2_17C\i1\0-12_20_23-13_00_13-i1.csv,R3_W2_17C,R3,W2,17C,i1,2023-12-20,13:00:13,4,393,451,59,29.5,182.0,1253,196.5,225.5,626.5,3
D:\PycnoStressMonitor\data\cold_box_flips\R3_W2_17C\i1\0-12_20_23-13_00_13-i1.csv,R3_W2_17C,R3,W2,17C,i1,2023-12-20,13:00:13,5,467,522,56,28.0,219.0,1253,233.5,261.0,626.5,4
D:\PycnoStressMonitor\data\cold_box_flips\R3_W2_17C\i1\0-12_20_23-13_00_13-i1.csv,R3_W2_17C,R3,W2,17C,i1,2023-12-20,13:00:13,6,545,633,89,44.5,258.0,1253,272.5,316.5,626.5,5
D:\PycnoStressMonitor\data\cold_box_flips\R3_W2_17C\i10\0-12_20_23-13_35_19-i10.csv,R3_W2_17C,R3,W2,17C,i10,2023-12-20,13:35:19,2,269,341,73,36.5,102.0,1306,134.5,170.5,653.0,1
D:\PycnoStressMonitor\data\cold_box_flips\R3_W2_17C\i10\0-12_20_23-13_35_19-i10.csv,R3_W2_17C,R3,W2,17C,i10,2023-12-20,13:35:19,3,357,486,130,65.0,146.0,1306,178.5,243.0,653.0,2
D:\PycnoStressMonitor\data\cold_box_flips\R3_W2_17C\i10\0-12_20_23-13_35_19-i10.csv,R3_W2_17C,R3,W2,17C,i10,2023-12-20,13:35:19,4,501,550,50,25.0,218.0,1306,250.5,275.0,653.0,3
D:\PycnoStressMonitor\data\cold_box_flips\R3_W2_17C\i10\0-12_20_23-13_35_19-i10.csv,R3_W2_17C,R3,W2,17C,i10,2023-12-20,13:35:19,5,573,735,163,81.5,254.0,1306,286.5,367.5,653.0,4
D:\PycnoStressMonitor\data\cold_box_flips\R3_W2_17C\i12\0-12_20_23-13_47_23-i12.csv,R3_W2_17C,R3,W2,17C,i12,2023-12-20,13:47:23,2,206,319,114,57.0,81.5,1355,103.0,159.5,677.5,1
D:\PycnoStressMonitor\data\cold_box_flips\R3_W2_17C\i12\0-12_20_23-13_47_23-i12.csv,R3_W2_17C,R3,W2,17C,i12,2023-12-20,13:47:23,3,352,389,38,19.0,154.5,1355,176.0,194.5,677.5,2
D:\PycnoStressMonitor\data\cold_box_flips\R3_W2_17C\i12\0-12_20_23-13_47_23-i12.csv,R3_W2_17C,R3,W2,17C,i12,2023-12-20,13:47:23,4,424,474,51,25.5,190.5,1355,212.0,237.0,677.5,3
D:\PycnoStressMonitor\data\cold_box_flips\R3_W2_17C\i12\0-12_20_23-13_47_23-i12.csv,R3_W2_17C,R3,W2,17C,i12,2023-12-20,13:47:23,5,496,557,62,31.0,226.5,1355,248.0,278.5,677.5,4
D:\PycnoStressMonitor\data\cold_box_flips\R3_W2_17C\i9\0-12_20_23-13_12_26-i9.csv,R3_W2_17C,R3,W2,17C,i9,2023-12-20,13:12:26,2,479,570,92,46.0,214.5,1355,239.5,285.0,677.5,1
D:\PycnoStressMonitor\data\cold_box_flips\R3_W2_17C\p3\0-12_20_23-12_11_08-p3.csv,R3_W2_17C,R3,W2,17C,p3,2023-12-20,12:11:08,2,121,175,55,27.5,35.5,1283,60.5,87.5,641.5,1
D:\PycnoStressMonitor\data\cold_box_flips\R3_W2_17C\p3\0-12_20_23-12_11_08-p3.csv,R3_W2_17C,R3,W2,17C,p3,2023-12-20,12:11:08,3,192,224,33,16.5,71.0,1283,96.0,112.0,641.5,2
D:\PycnoStressMonitor\data\cold_box_flips\R3_W2_17C\p3\0-12_20_23-12_11_08-p3.csv,R3_W2_17C,R3,W2,17C,p3,2023-12-20,12:11:08,4,246,302,57,28.5,98.0,1283,123.0,151.0,641.5,3
D:\PycnoStressMonitor\data\cold_box_flips\R3_W2_17C\p3\0-12_20_23-12_11_08-p3.csv,R3_W2_17C,R3,W2,17C,p3,2023-12-20,12:11:08,5,318,351,34,17.0,134.0,1283,159.0,175.5,641.5,4
D:\PycnoStressMonitor\data\cold_box_flips\R3_W2_17C\p3\0-12_20_23-12_11_08-p3.csv,R3_W2_17C,R3,W2,17C,p3,2023-12-20,12:11:08,6,397,420,24,12.0,173.5,1283,198.5,210.0,641.5,5
D:\PycnoStressMonitor\data\cold_box_flips\R3_W2_17C\p3\0-12_20_23-12_11_08-p3.csv,R3_W2_17C,R3,W2,17C,p3,2023-12-20,12:11:08,7,439,492,54,27.0,194.5,1283,219.5,246.0,641.5,6
D:\PycnoStressMonitor\data\cold_box_flips\R3_W2_17C\p3\0-12_20_23-12_11_08-p3.csv,R3_W2_17C,R3,W2,17C,p3,2023-12-20,12:11:08,8,508,583,76,38.0,229.0,1283,254.0,291.5,641.5,7
D:\PycnoStressMonitor\data\cold_box_flips\R3_W2_17C\p3\0-12_20_23-12_11_08-p3.csv,R3_W2_17C,R3,W2,17C,p3,2023-12-20,12:11:08,9,600,675,76,38.0,275.0,1283,300.0,337.5,641.5,8
D:\PycnoStressMonitor\data\cold_box_flips\R3_W2_17C\p4\0-12_20_23-12_23_39-p4.csv,R3_W2_17C,R3,W2,17C,p4,2023-12-20,12:23:39,2,129,189,61,30.5,33.5,1290,64.5,94.5,645.0,1
D:\PycnoStressMonitor\data\cold_box_flips\R3_W2_17C\p4\0-12_20_23-12_23_39-p4.csv,R3_W2_17C,R3,W2,17C,p4,2023-12-20,12:23:39,3,205,262,58,29.0,71.5,1290,102.5,131.0,645.0,2
D:\PycnoStressMonitor\data\cold_box_flips\R3_W2_17C\p4\0-12_20_23-12_23_39-p4.csv,R3_W2_17C,R3,W2,17C,p4,2023-12-20,12:23:39,4,285,368,84,42.0,111.5,1290,142.5,184.0,645.0,3
D:\PycnoStressMonitor\data\cold_box_flips\R3_W2_17C\p4\0-12_20_23-12_23_39-p4.csv,R3_W2_17C,R3,W2,17C,p4,2023-12-20,12:23:39,5,390,440,51,25.5,164.0,1290,195.0,220.0,645.0,4
D:\PycnoStressMonitor\data\cold_box_flips\R3_W2_17C\p4\0-12_20_23-12_23_39-p4.csv,R3_W2_17C,R3,W2,17C,p4,2023-12-20,12:23:39,6,464,523,60,30.0,201.0,1290,232.0,261.5,645.0,5
D:\PycnoStressMonitor\data\cold_box_flips\R3_W2_17C\p4\0-12_20_23-12_23_39-p4.csv,R3_W2_17C,R3,W2,17C,p4,2023-12-20,12:23:39,7,544,585,42,21.0,241.0,1290,272.0,292.5,645.0,6
D:\PycnoStressMonitor\data\cold_box_flips\R3_W2_17C\p5\0-12_20_23-12_35_44-p5.csv,R3_W2_17C,R3,W2,17C,p5,2023-12-20,12:35:44,2,149,188,40,20.0,57.0,1258,74.5,94.0,629.0,1
D:\PycnoStressMonitor\data\cold_box_flips\R3_W2_17C\p5\0-12_20_23-12_35_44-p5.csv,R3_W2_17C,R3,W2,17C,p5,2023-12-20,12:35:44,3,212,286,75,37.5,88.5,1258,106.0,143.0,629.0,2
D:\PycnoStressMonitor\data\cold_box_flips\R3_W2_17C\p5\0-12_20_23-12_35_44-p5.csv,R3_W2_17C,R3,W2,17C,p5,2023-12-20,12:35:44,4,301,362,62,31.0,133.0,1258,150.5,181.0,629.0,3
D:\PycnoStressMonitor\data\cold_box_flips\R3_W2_17C\p5\0-12_20_23-12_35_44-p5.csv,R3_W2_17C,R3,W2,17C,p5,2023-12-20,12:35:44,5,377,483,107,53.5,171.0,1258,188.5,241.5,629.0,4
D:\PycnoStressMonitor\data\cold_box_flips\R3_W2_17C\p5\0-12_20_23-12_35_44-p5.csv,R3_W2_17C,R3,W2,17C,p5,2023-12-20,12:35:44,6,503,572,70,35.0,234.0,1258,251.5,286.0,629.0,5
D:\PycnoStressMonitor\data\cold_box_flips\R3_W2_17C\p7\0-12_20_23-12_48_06-p7.csv,R3_W2_17C,R3,W2,17C,p7,2023-12-20,12:48:06,3,241,292,52,26.0,93.5,1332,120.5,146.0,666.0,1
D:\PycnoStressMonitor\data\cold_box_flips\R3_W2_17C\p7\0-12_20_23-12_48_06-p7.csv,R3_W2_17C,R3,W2,17C,p7,2023-12-20,12:48:06,4,315,371,57,28.5,130.5,1332,157.5,185.5,666.0,2
D:\PycnoStressMonitor\data\cold_box_flips\R3_W2_17C\p7\0-12_20_23-12_48_06-p7.csv,R3_W2_17C,R3,W2,17C,p7,2023-12-20,12:48:06,5,382,414,33,16.5,164.0,1332,191.0,207.0,666.0,3
D:\PycnoStressMonitor\data\cold_box_flips\R3_W2_17C\p7\0-12_20_23-12_48_06-p7.csv,R3_W2_17C,R3,W2,17C,p7,2023-12-20,12:48:06,6,434,461,28,14.0,190.0,1332,217.0,230.5,666.0,4
D:\PycnoStressMonitor\data\cold_box_flips\R3_W2_17C\p7\0-12_20_23-12_48_06-p7.csv,R3_W2_17C,R3,W2,17C,p7,2023-12-20,12:48:06,7,483,540,58,29.0,214.5,1332,241.5,270.0,666.0,5
D:\PycnoStressMonitor\data\cold_box_flips\R3_W2_17C\p7\0-12_20_23-12_48_06-p7.csv,R3_W2_17C,R3,W2,17C,p7,2023-12-20,12:48:06,8,567,607,41,20.5,256.5,1332,283.5,303.5,666.0,6
