source_file,experiment_code,run,week,temperature,star_id,date,time,flip_number,start_frame,end_frame,duration_frames,duration_seconds,seconds_from_first_flip_start,total_frames
D:\PycnoStressMonitor\data\cold_box_flips\R1_W1_12C\i11\0-11_12_23-14_51_47-i11.csv,R1_W1_12C,R1,W1,12C,i11,2023-11-12,14:51:47,1,17,121,105,52.5,0.0,1361
D:\PycnoStressMonitor\data\cold_box_flips\R1_W1_12C\i11\0-11_12_23-14_51_47-i11.csv,R1_W1_12C,R1,W1,12C,i11,2023-11-12,14:51:47,2,140,195,56,28.0,61.5,1361
D:\PycnoStressMonitor\data\cold_box_flips\R1_W1_12C\i11\0-11_12_23-14_51_47-i11.csv,R1_W1_12C,R1,W1,12C,i11,2023-11-12,14:51:47,3,229,339,111,55.5,106.0,1361
D:\PycnoStressMonitor\data\cold_box_flips\R1_W1_12C\i11\0-11_12_23-14_51_47-i11.csv,R1_W1_12C,R1,W1,12C,i11,2023-11-12,14:51:47,4,367,440,74,37.0,175.0,1361
D:\PycnoStressMonitor\data\cold_box_flips\R1_W1_12C\i11\0-11_12_23-14_51_47-i11.csv,R1_W1_12C,R1,W1,12C,i11,2023-11-12,14:51:47,5,455,514,60,30.0,219.0,1361
D:\PycnoStressMonitor\data\cold_box_flips\R1_W1_12C\i11\0-11_12_23-14_51_47-i11.csv,R1_W1_12C,R1,W1,12C,i11,2023-11-12,14:51:47,6,531,601,71,35.5,257.0,1361
D:\PycnoStressMonitor\data\cold_box_flips\R1_W1_12C\i11\0-11_12_23-14_51_47-i11.csv,R1_W1_12C,R1,W1,12C,i11,2023-11-12,14:51:47,7,626,699,74,37.0,304.5,1361
D:\PycnoStressMonitor\data\cold_box_flips\R1_W1_12C\i11\0-11_12_23-14_51_47-i11.csv,R1_W1_12C,R1,W1,12C,i11,2023-11-12,14:51:47,8,720,767,48,24.0,351.5,1361
D:\PycnoStressMonitor\data\cold_box_flips\R1_W1_12C\i11\0-11_12_23-14_51_47-i11.csv,R1_W1_12C,R1,W1,12C,i11,2023-11-12,14:51:47,9,791,825,35,17.5,387.0,1361
D:\PycnoStressMonitor\data\cold_box_flips\R1_W1_12C\i11\0-11_12_23-14_51_47-i11.csv,R1_W1_12C,R1,W1,12C,i11,2023-11-12,14:51:47,10,852,893,42,21.0,417.5,1361
D:\PycnoStressMonitor\data\cold_box_flips\R1_W1_12C\i11\0-11_12_23-14_51_47-i11.csv,R1_W1_12C,R1,W1,12C,i11,2023-11-12,14:51:47,11,926,961,36,18.0,454.5,1361
D:\PycnoStressMonitor\data\cold_box_flips\R1_W1_12C\i11\0-11_12_23-14_51_47-i11.csv,R1_W1_12C,R1,W1,12C,i11,2023-11-12,14:51:47,12,986,1036,51,25.5,484.5,1361
D:\PycnoStressMonitor\data\cold_box_flips\R1_W1_12C\i11\0-11_12_23-14_51_47-i11.csv,R1_W1_12C,R1,W1,12C,i11,2023-11-12,14:51:47,13,1063,1118,56,28.0,523.0,1361
D:\PycnoStressMonitor\data\cold_box_flips\R1_W1_12C\i11\0-11_12_23-14_51_47-i11.csv,R1_W1_12C,R1,W1,12C,i11,2023-11-12,14:51:47,14,1147,1188,42,21.0,565.0,1361
D:\PycnoStressMonitor\data\cold_box_flips\R1_W1_12C\i11\0-11_12_23-14_51_47-i11.csv,R1_W1_12C,R1,W1,12C,i11,2023-11-12,14:51:47,15,1212,1223,12,6.0,597.5,1361
D:\PycnoStressMonitor\data\cold_box_flips\R1_W1_12C\i11\0-11_12_23-14_51_47-i11.csv,R1_W1_12C,R1,W1,12C,i11,2023-11-12,14:51:47,16,1224,1278,55,27.5,603.5,1361
D:\PycnoStressMonitor\data\cold_box_flips\R1_W1_12C\i3\0-11_12_23-14_10_13-i3.csv,R1_W1_12C,R1,W1,12C,i3,2023-11-12,14:10:13,1,56,116,61,30.5,0.0,1265
D:\PycnoStressMonitor\data\cold_box_flips\R1_W1_12C\i3\0-11_12_23-14_10_13-i3.csv,R1_W1_12C,R1,W1,12C,i3,2023-11-12,14:10:13,2,134,159,26,13.0,39.0,1265
D:\PycnoStressMonitor\data\cold_box_flips\R1_W1_12C\i3\0-11_12_23-14_10_13-i3.csv,R1_W1_12C,R1,W1,12C,i3,2023-11-12,14:10:13,3,189,275,87,43.5,66.5,1265
D:\PycnoStressMonitor\data\cold_box_flips\R1_W1_12C\i3\0-11_12_23-14_10_13-i3.csv,R1_W1_12C,R1,W1,12C,i3,2023-11-12,14:10:13,4,296,376,81,40.5,120.0,1265
D:\PycnoStressMonitor\data\cold_box_flips\R1_W1_12C\i3\0-11_12_23-14_10_13-i3.csv,R1_W1_12C,R1,W1,12C,i3,2023-11-12,14:10:13,5,402,468,67,33.5,173.0,1265
D:\PycnoStressMonitor\data\cold_box_flips\R1_W1_12C\i3\0-11_12_23-14_10_13-i3.csv,R1_W1_12C,R1,W1,12C,i3,2023-11-12,14:10:13,6,493,539,47,23.5,218.5,1265
D:\PycnoStressMonitor\data\cold_box_flips\R1_W1_12C\i3\0-11_12_23-14_10_13-i3.csv,R1_W1_12C,R1,W1,12C,i3,2023-11-12,14:10:13,7,560,600,41,20.5,252.0,1265
D:\PycnoStressMonitor\data\cold_box_flips\R1_W1_12C\i3\0-11_12_23-14_10_13-i3.csv,R1_W1_12C,R1,W1,12C,i3,2023-11-12,14:10:13,8,635,661,27,13.5,289.5,1265
D:\PycnoStressMonitor\data\cold_box_flips\R1_W1_12C\i3\0-11_12_23-14_10_13-i3.csv,R1_W1_12C,R1,W1,12C,i3,2023-11-12,14:10:13,9,693,750,58,29.0,318.5,1265
D:\PycnoStressMonitor\data\cold_box_flips\R1_W1_12C\i3\0-11_12_23-14_10_13-i3.csv,R1_W1_12C,R1,W1,12C,i3,2023-11-12,14:10:13,10,778,826,49,24.5,361.0,1265
D:\PycnoStressMonitor\data\cold_box_flips\R1_W1_12C\i3\0-11_12_23-14_10_13-i3.csv,R1_W1_12C,R1,W1,12C,i3,2023-11-12,14:10:13,11,872,913,42,21.0,408.0,1265
D:\PycnoStressMonitor\data\cold_box_flips\R1_W1_12C\i3\0-11_12_23-14_10_13-i3.csv,R1_W1_12C,R1,W1,12C,i3,2023-11-12,14:10:13,12,955,973,19,9.5,449.5,1265
D:\PycnoStressMonitor\data\cold_box_flips\R1_W1_12C\i3\0-11_12_23-14_10_13-i3.csv,R1_W1_12C,R1,W1,12C,i3,2023-11-12,14:10:13,13,1003,1032,30,15.0,473.5,1265
D:\PycnoStressMonitor\data\cold_box_flips\R1_W1_12C\i3\0-11_12_23-14_10_13-i3.csv,R1_W1_12C,R1,W1,12C,i3,2023-11-12,14:10:13,14,1057,1103,47,23.5,500.5,1265
D:\PycnoStressMonitor\data\cold_box_flips\R1_W1_12C\i3\0-11_12_23-14_10_13-i3.csv,R1_W1_12C,R1,W1,12C,i3,2023-11-12,14:10:13,15,1126,1153,28,14.0,535.0,1265
D:\PycnoStressMonitor\data\cold_box_flips\R1_W1_12C\i3\0-11_12_23-14_10_13-i3.csv,R1_W1_12C,R1,W1,12C,i3,2023-11-12,14:10:13,16,1181,1226,46,23.0,562.5,1265
D:\PycnoStressMonitor\data\cold_box_flips\R1_W1_12C\i8\0-11_12_23-14_36_34-i8.csv,R1_W1_12C,R1,W1,12C,i8,2023-11-12,14:36:34,1,14,413,400,200.0,0.0,1255
D:\PycnoStressMonitor\data\cold_box_flips\R1_W1_12C\i8\0-11_12_23-14_36_34-i8.csv,R1_W1_12C,R1,W1,12C,i8,2023-11-12,14:36:34,2,471,501,31,15.5,228.5,1255
D:\PycnoStressMonitor\data\cold_box_flips\R1_W1_12C\i8\0-11_12_23-14_36_34-i8.csv,R1_W1_12C,R1,W1,12C,i8,2023-11-12,14:36:34,3,567,614,48,24.0,276.5,1255
D:\PycnoStressMonitor\data\cold_box_flips\R1_W1_12C\i8\0-11_12_23-14_36_34-i8.csv,R1_W1_12C,R1,W1,12C,i8,2023-11-12,14:36:34,4,634,657,24,12.0,310.0,1255
D:\PycnoStressMonitor\data\cold_box_flips\R1_W1_12C\i8\0-11_12_23-14_36_34-i8.csv,R1_W1_12C,R1,W1,12C,i8,2023-11-12,14:36:34,5,704,740,37,18.5,345.0,1255
D:\PycnoStressMonitor\data\cold_box_flips\R1_W1_12C\i8\0-11_12_23-14_36_34-i8.csv,R1_W1_12C,R1,W1,12C,i8,2023-11-12,14:36:34,6,767,847,81,40.5,376.5,1255
D:\PycnoStressMonitor\data\cold_box_flips\R1_W1_12C\i8\0-11_12_23-14_36_34-i8.csv,R1_W1_12C,R1,W1,12C,i8,2023-11-12,14:36:34,7,863,940,78,39.0,424.5,1255
D:\PycnoStressMonitor\data\cold_box_flips\R1_W1_12C\i8\0-11_12_23-14_36_34-i8.csv,R1_W1_12C,R1,W1,12C,i8,2023-11-12,14:36:34,8,962,1006,45,22.5,474.0,1255
D:\PycnoStressMonitor\data\cold_box_flips\R1_W1_12C\i8\0-11_12_23-14_36_34-i8.csv,R1_W1_12C,R1,W1,12C,i8,2023-11-12,14:36:34,9,1024,1084,61,30.5,505.0,1255
D:\PycnoStressMonitor\data\cold_box_flips\R1_W1_12C\i8\0-11_12_23-14_36_34-i8.csv,R1_W1_12C,R1,W1,12C,i8,2023-11-12,14:36:34,10,1095,1157,63,31.5,540.5,1255
D:\PycnoStressMonitor\data\cold_box_flips\R1_W1_12C\i8\0-11_12_23-14_36_34-i8.csv,R1_W1_12C,R1,W1,12C,i8,2023-11-12,14:36:34,11,1168,1218,51,25.5,577.0,1255
D:\PycnoStressMonitor\data\cold_box_flips\R1_W1_12C\p12\0-11_12_23-13_56_34-p12.csv,R1_W1_12C,R1,W1,12C,p12,2023-11-12,13:56:34,1,40,99,60,30.0,0.0,1247
D:\PycnoStressMonitor\data\cold_box_flips\R1_W1_12C\p12\0-11_12_23-13_56_34-p12.csv,R1_W1_12C,R1,W1,12C,p12,2023-11-12,13:56:34,2,139,191,53,26.5,49.5,1247
D:\PycnoStressMonitor\data\cold_box_flips\R1_W1_12C\p12\0-11_12_23-13_56_34-p12.csv,R1_W1_12C,R1,W1,12C,p12,2023-11-12,13:56:34,3,212,301,90,45.0,86.0,1247
D:\PycnoStressMonitor\data\cold_box_flips\R1_W1_12C\p12\0-11_12_23-13_56_34-p12.csv,R1_W1_12C,R1,W1,12C,p12,2023-11-12,13:56:34,4,324,398,75,37.5,142.0,1247
D:\PycnoStressMonitor\data\cold_box_flips\R1_W1_12C\p12\0-11_12_23-13_56_34-p12.csv,R1_W1_12C,R1,W1,12C,p12,2023-11-12,13:56:34,5,411,512,102,51.0,185.5,1247
D:\PycnoStressMonitor\data\cold_box_flips\R1_W1_12C\p12\0-11_12_23-13_56_34-p12.csv,R1_W1_12C,R1,W1,12C,p12,2023-11-12,13:56:34,6,530,559,30,15.0,245.0,1247
D:\PycnoStressMonitor\data\cold_box_flips\R1_W1_12C\p12\0-11_12_23-13_56_34-p12.csv,R1_W1_12C,R1,W1,12C,p12,2023-11-12,13:56:34,7,581,619,39,19.5,270.5,1247
D:\PycnoStressMonitor\data\cold_box_flips\R1_W1_12C\p12\0-11_12_23-13_56_34-p12.csv,R1_W1_12C,R1,W1,12C,p12,2023-11-12,13:56:34,8,638,699,62,31.0,299.0,1247
D:\PycnoStressMonitor\data\cold_box_flips\R1_W1_12C\p12\0-11_12_23-13_56_34-p12.csv,R1_W1_12C,R1,W1,12C,p12,2023-11-12,13:56:34,9,727,752,26,13.0,343.5,1247
D:\PycnoStressMonitor\data\cold_box_flips\R1_W1_12C\p12\0-11_12_23-13_56_34-p12.csv,R1_W1_12C,R1,W1,12C,p12,2023-11-12,13:56:34,10,776,806,31,15.5,368.0,1247
D:\PycnoStressMonitor\data\cold_box_flips\R1_W1_12C\p12\0-11_12_23-13_56_34-p12.csv,R1_W1_12C,R1,W1,12C,p12,2023-11-12,13:56:34,11,825,878,54,27.0,392.5,1247
D:\PycnoStressMonitor\data\cold_box_flips\R1_W1_12C\p12\0-11_12_23-13_56_34-p12.csv,R1_W1_12C,R1,W1,12C,p12,2023-11-12,13:56:34,12,893,925,33,16.5,426.5,1247
D:\PycnoStressMonitor\data\cold_box_flips\R1_W1_12C\p12\0-11_12_23-13_56_34-p12.csv,R1_W1_12C,R1,W1,12C,p12,2023-11-12,13:56:34,13,927,939,13,6.5,443.5,1247
D:\PycnoStressMonitor\data\cold_box_flips\R1_W1_12C\p12\0-11_12_23-13_56_34-p12.csv,R1_W1_12C,R1,W1,12C,p12,2023-11-12,13:56:34,14,958,1012,55,27.5,459.0,1247
D:\PycnoStressMonitor\data\cold_box_flips\R1_W1_12C\p12\0-11_12_23-13_56_34-p12.csv,R1_W1_12C,R1,W1,12C,p12,2023-11-12,13:56:34,15,1040,1059,20,10.0,500.0,1247
D:\PycnoStressMonitor\data\cold_box_flips\R1_W1_12C\p12\0-11_12_23-13_56_34-p12.csv,R1_W1_12C,R1,W1,12C,p12,2023-11-12,13:56:34,16,1082,1123,42,21.0,521.0,1247
D:\PycnoStressMonitor\data\cold_box_flips\R1_W1_12C\p12\0-11_12_23-13_56_34-p12.csv,R1_W1_12C,R1,W1,12C,p12,2023-11-12,13:56:34,17,1134,1179,46,23.0,547.0,1247
D:\PycnoStressMonitor\data\cold_box_flips\R1_W1_12C\p12\0-11_12_23-13_56_34-p12.csv,R1_W1_12C,R1,W1,12C,p12,2023-11-12,13:56:34,18,1209,1232,24,12.0,584.5,1247
D:\PycnoStressMonitor\data\cold_box_flips\R1_W1_12C\p6\0-11_12_23-13_11_25-p6.csv,R1_W1_12C,R1,W1,12C,p6,2023-11-12,13:11:25,1,1,36,36,18.0,0.0,1554
D:\PycnoStressMonitor\data\cold_box_flips\R1_W1_12C\p6\0-11_12_23-13_11_25-p6.csv,R1_W1_12C,R1,W1,12C,p6,2023-11-12,13:11:25,2,87,158,72,36.0,43.0,1554
D:\PycnoStressMonitor\data\cold_box_flips\R1_W1_12C\p6\0-11_12_23-13_11_25-p6.csv,R1_W1_12C,R1,W1,12C,p6,2023-11-12,13:11:25,3,178,214,37,18.5,88.5,1554
D:\PycnoStressMonitor\data\cold_box_flips\R1_W1_12C\p6\0-11_12_23-13_11_25-p6.csv,R1_W1_12C,R1,W1,12C,p6,2023-11-12,13:11:25,4,241,293,53,26.5,120.0,1554
D:\PycnoStressMonitor\data\cold_box_flips\R1_W1_12C\p6\0-11_12_23-13_11_25-p6.csv,R1_W1_12C,R1,W1,12C,p6,2023-11-12,13:11:25,5,316,349,34,17.0,157.5,1554
D:\PycnoStressMonitor\data\cold_box_flips\R1_W1_12C\p6\0-11_12_23-13_11_25-p6.csv,R1_W1_12C,R1,W1,12C,p6,2023-11-12,13:11:25,6,367,467,101,50.5,183.0,1554
D:\PycnoStressMonitor\data\cold_box_flips\R1_W1_12C\p6\0-11_12_23-13_11_25-p6.csv,R1_W1_12C,R1,W1,12C,p6,2023-11-12,13:11:25,7,483,529,47,23.5,241.0,1554
D:\PycnoStressMonitor\data\cold_box_flips\R1_W1_12C\p6\0-11_12_23-13_11_25-p6.csv,R1_W1_12C,R1,W1,12C,p6,2023-11-12,13:11:25,8,547,622,76,38.0,273.0,1554
D:\PycnoStressMonitor\data\cold_box_flips\R1_W1_12C\p6\0-11_12_23-13_11_25-p6.csv,R1_W1_12C,R1,W1,12C,p6,2023-11-12,13:11:25,9,643,689,47,23.5,321.0,1554
D:\PycnoStressMonitor\data\cold_box_flips\R1_W1_12C\p6\0-11_12_23-13_11_25-p6.csv,R1_W1_12C,R1,W1,12C,p6,2023-11-12,13:11:25,10,703,866,164,82.0,351.0,1554
D:\PycnoStressMonitor\data\cold_box_flips\R1_W1_12C\p6\0-11_12_23-13_11_25-p6.csv,R1_W1_12C,R1,W1,12C,p6,2023-11-12,13:11:25,11,892,928,37,18.5,445.5,1554
D:\PycnoStressMonitor\data\cold_box_flips\R1_W1_12C\p6\0-11_12_23-13_11_25-p6.csv,R1_W1_12C,R1,W1,12C,p6,2023-11-12,13:11:25,12,944,1012,69,34.5,471.5,1554
D:\PycnoStressMonitor\data\cold_box_flips\R1_W1_12C\p6\0-11_12_23-13_11_25-p6.csv,R1_W1_12C,R1,W1,12C,p6,2023-11-12,13:11:25,13,1043,1077,35,17.5,521.0,1554
D:\PycnoStressMonitor\data\cold_box_flips\R1_W1_12C\p6\0-11_12_23-13_11_25-p6.csv,R1_W1_12C,R1,W1,12C,p6,2023-11-12,13:11:25,14,1090,1525,436,218.0,544.5,1554
D:\PycnoStressMonitor\data\cold_box_flips\R1_W1_12C\p9\0-11_12_23-13_26_32-p9.csv,R1_W1_12C,R1,W1,12C,p9,2023-11-12,13:26:32,1,31,119,89,44.5,0.0,1290
D:\PycnoStressMonitor\data\cold_box_flips\R1_W1_12C\p9\0-11_12_23-13_26_32-p9.csv,R1_W1_12C,R1,W1,12C,p9,2023-11-12,13:26:32,2,137,165,29,14.5,53.0,1290
D:\PycnoStressMonitor\data\cold_box_flips\R1_W1_12C\p9\0-11_12_23-13_26_32-p9.csv,R1_W1_12C,R1,W1,12C,p9,2023-11-12,13:26:32,3,181,239,59,29.5,75.0,1290
D:\PycnoStressMonitor\data\cold_box_flips\R1_W1_12C\p9\0-11_12_23-13_26_32-p9.csv,R1_W1_12C,R1,W1,12C,p9,2023-11-12,13:26:32,4,255,280,26,13.0,112.0,1290
D:\PycnoStressMonitor\data\cold_box_flips\R1_W1_12C\p9\0-11_12_23-13_26_32-p9.csv,R1_W1_12C,R1,W1,12C,p9,2023-11-12,13:26:32,5,296,370,75,37.5,132.5,1290
D:\PycnoStressMonitor\data\cold_box_flips\R1_W1_12C\p9\0-11_12_23-13_26_32-p9.csv,R1_W1_12C,R1,W1,12C,p9,2023-11-12,13:26:32,6,380,465,86,43.0,174.5,1290
D:\PycnoStressMonitor\data\cold_box_flips\R1_W1_12C\p9\0-11_12_23-13_26_32-p9.csv,R1_W1_12C,R1,W1,12C,p9,2023-11-12,13:26:32,7,497,527,31,15.5,233.0,1290
D:\PycnoStressMonitor\data\cold_box_flips\R1_W1_12C\p9\0-11_12_23-13_26_32-p9.csv,R1_W1_12C,R1,W1,12C,p9,2023-11-12,13:26:32,8,563,632,70,35.0,266.0,1290
D:\PycnoStressMonitor\data\cold_box_flips\R1_W1_12C\p9\0-11_12_23-13_26_32-p9.csv,R1_W1_12C,R1,W1,12C,p9,2023-11-12,13:26:32,9,672,722,51,25.5,320.5,1290
D:\PycnoStressMonitor\data\cold_box_flips\R1_W1_12C\p9\0-11_12_23-13_26_32-p9.csv,R1_W1_12C,R1,W1,12C,p9,2023-11-12,13:26:32,10,740,827,88,44.0,354.5,1290
D:\PycnoStressMonitor\data\cold_box_flips\R1_W1_12C\p9\0-11_12_23-13_26_32-p9.csv,R1_W1_12C,R1,W1,12C,p9,2023-11-12,13:26:32,11,847,919,73,36.5,408.0,1290
D:\PycnoStressMonitor\data\cold_box_flips\R1_W1_12C\p9\0-11_12_23-13_26_32-p9.csv,R1_W1_12C,R1,W1,12C,p9,2023-11-12,13:26:32,12,950,997,48,24.0,459.5,1290
D:\PycnoStressMonitor\data\cold_box_flips\R1_W1_12C\p9\0-11_12_23-13_26_32-p9.csv,R1_W1_12C,R1,W1,12C,p9,2023-11-12,13:26:32,13,1013,1058,46,23.0,491.0,1290
D:\PycnoStressMonitor\data\cold_box_flips\R1_W1_12C\p9\0-11_12_23-13_26_32-p9.csv,R1_W1_12C,R1,W1,12C,p9,2023-11-12,13:26:32,14,1086,1119,34,17.0,527.5,1290
D:\PycnoStressMonitor\data\cold_box_flips\R1_W1_12C\p9\0-11_12_23-13_26_32-p9.csv,R1_W1_12C,R1,W1,12C,p9,2023-11-12,13:26:32,15,1159,1186,28,14.0,564.0,1290
D:\PycnoStressMonitor\data\cold_box_flips\R1_W1_12C\p9\0-11_12_23-13_26_32-p9.csv,R1_W1_12C,R1,W1,12C,p9,2023-11-12,13:26:32,16,1226,1266,41,20.5,597.5,1290
D:\PycnoStressMonitor\data\cold_box_flips\R1_W2_14-5C\i11\0-11_19_23-13_49_28-i11.csv,R1_W2_14-5C,R1,W2,14.5C,i11,2023-11-19,13:49:28,1,27,133,107,53.5,0.0,1439
D:\PycnoStressMonitor\data\cold_box_flips\R1_W2_14-5C\i11\0-11_19_23-13_49_28-i11.csv,R1_W2_14-5C,R1,W2,14.5C,i11,2023-11-19,13:49:28,2,160,217,58,29.0,66.5,1439
D:\PycnoStressMonitor\data\cold_box_flips\R1_W2_14-5C\i11\0-11_19_23-13_49_28-i11.csv,R1_W2_14-5C,R1,W2,14.5C,i11,2023-11-19,13:49:28,3,232,264,33,16.5,102.5,1439
D:\PycnoStressMonitor\data\cold_box_flips\R1_W2_14-5C\i11\0-11_19_23-13_49_28-i11.csv,R1_W2_14-5C,R1,W2,14.5C,i11,2023-11-19,13:49:28,4,300,372,73,36.5,136.5,1439
D:\PycnoStressMonitor\data\cold_box_flips\R1_W2_14-5C\i11\0-11_19_23-13_49_28-i11.csv,R1_W2_14-5C,R1,W2,14.5C,i11,2023-11-19,13:49:28,5,397,428,32,16.0,185.0,1439
D:\PycnoStressMonitor\data\cold_box_flips\R1_W2_14-5C\i11\0-11_19_23-13_49_28-i11.csv,R1_W2_14-5C,R1,W2,14.5C,i11,2023-11-19,13:49:28,6,457,506,50,25.0,215.0,1439
D:\PycnoStressMonitor\data\cold_box_flips\R1_W2_14-5C\i11\0-11_19_23-13_49_28-i11.csv,R1_W2_14-5C,R1,W2,14.5C,i11,2023-11-19,13:49:28,7,524,587,64,32.0,248.5,1439
D:\PycnoStressMonitor\data\cold_box_flips\R1_W2_14-5C\i11\0-11_19_23-13_49_28-i11.csv,R1_W2_14-5C,R1,W2,14.5C,i11,2023-11-19,13:49:28,8,631,654,24,12.0,302.0,1439
D:\PycnoStressMonitor\data\cold_box_flips\R1_W2_14-5C\i11\0-11_19_23-13_49_28-i11.csv,R1_W2_14-5C,R1,W2,14.5C,i11,2023-11-19,13:49:28,9,671,785,115,57.5,322.0,1439
D:\PycnoStressMonitor\data\cold_box_flips\R1_W2_14-5C\i11\0-11_19_23-13_49_28-i11.csv,R1_W2_14-5C,R1,W2,14.5C,i11,2023-11-19,13:49:28,10,813,919,107,53.5,393.0,1439
D:\PycnoStressMonitor\data\cold_box_flips\R1_W2_14-5C\i11\0-11_19_23-13_49_28-i11.csv,R1_W2_14-5C,R1,W2,14.5C,i11,2023-11-19,13:49:28,11,973,1026,54,27.0,473.0,1439
D:\PycnoStressMonitor\data\cold_box_flips\R1_W2_14-5C\i11\0-11_19_23-13_49_28-i11.csv,R1_W2_14-5C,R1,W2,14.5C,i11,2023-11-19,13:49:28,12,1057,1083,27,13.5,515.0,1439
D:\PycnoStressMonitor\data\cold_box_flips\R1_W2_14-5C\i11\0-11_19_23-13_49_28-i11.csv,R1_W2_14-5C,R1,W2,14.5C,i11,2023-11-19,13:49:28,13,1102,1173,72,36.0,537.5,1439
D:\PycnoStressMonitor\data\cold_box_flips\R1_W2_14-5C\i11\0-11_19_23-13_49_28-i11.csv,R1_W2_14-5C,R1,W2,14.5C,i11,2023-11-19,13:49:28,14,1233,1264,32,16.0,603.0,1439
D:\PycnoStressMonitor\data\cold_box_flips\R1_W2_14-5C\i11\0-11_19_23-13_49_28-i11.csv,R1_W2_14-5C,R1,W2,14.5C,i11,2023-11-19,13:49:28,15,1279,1375,97,48.5,626.0,1439
D:\PycnoStressMonitor\data\cold_box_flips\R1_W2_14-5C\i11\0-11_19_23-13_49_28-i11.csv,R1_W2_14-5C,R1,W2,14.5C,i11,2023-11-19,13:49:28,16,1397,1439,43,21.5,685.0,1439
D:\PycnoStressMonitor\data\cold_box_flips\R1_W2_14-5C\i3\0-11_19_23-13_10_37-i3.csv,R1_W2_14-5C,R1,W2,14.5C,i3,2023-11-19,13:10:37,1,39,93,55,27.5,0.0,1256
D:\PycnoStressMonitor\data\cold_box_flips\R1_W2_14-5C\i3\0-11_19_23-13_10_37-i3.csv,R1_W2_14-5C,R1,W2,14.5C,i3,2023-11-19,13:10:37,2,108,216,109,54.5,34.5,1256
D:\PycnoStressMonitor\data\cold_box_flips\R1_W2_14-5C\i3\0-11_19_23-13_10_37-i3.csv,R1_W2_14-5C,R1,W2,14.5C,i3,2023-11-19,13:10:37,3,237,322,86,43.0,99.0,1256
D:\PycnoStressMonitor\data\cold_box_flips\R1_W2_14-5C\i3\0-11_19_23-13_10_37-i3.csv,R1_W2_14-5C,R1,W2,14.5C,i3,2023-11-19,13:10:37,4,348,392,45,22.5,154.5,1256
D:\PycnoStressMonitor\data\cold_box_flips\R1_W2_14-5C\i3\0-11_19_23-13_10_37-i3.csv,R1_W2_14-5C,R1,W2,14.5C,i3,2023-11-19,13:10:37,5,409,462,54,27.0,185.0,1256
D:\PycnoStressMonitor\data\cold_box_flips\R1_W2_14-5C\i3\0-11_19_23-13_10_37-i3.csv,R1_W2_14-5C,R1,W2,14.5C,i3,2023-11-19,13:10:37,6,481,545,65,32.5,221.0,1256
D:\PycnoStressMonitor\data\cold_box_flips\R1_W2_14-5C\i3\0-11_19_23-13_10_37-i3.csv,R1_W2_14-5C,R1,W2,14.5C,i3,2023-11-19,13:10:37,7,575,627,53,26.5,268.0,1256
D:\PycnoStressMonitor\data\cold_box_flips\R1_W2_14-5C\i3\0-11_19_23-13_10_37-i3.csv,R1_W2_14-5C,R1,W2,14.5C,i3,2023-11-19,13:10:37,8,642,694,53,26.5,301.5,1256
D:\PycnoStressMonitor\data\cold_box_flips\R1_W2_14-5C\i3\0-11_19_23-13_10_37-i3.csv,R1_W2_14-5C,R1,W2,14.5C,i3,2023-11-19,13:10:37,9,710,800,91,45.5,335.5,1256
D:\PycnoStressMonitor\data\cold_box_flips\R1_W2_14-5C\i3\0-11_19_23-13_10_37-i3.csv,R1_W2_14-5C,R1,W2,14.5C,i3,2023-11-19,13:10:37,10,816,882,67,33.5,388.5,1256
D:\PycnoStressMonitor\data\cold_box_flips\R1_W2_14-5C\i3\0-11_19_23-13_10_37-i3.csv,R1_W2_14-5C,R1,W2,14.5C,i3,2023-11-19,13:10:37,11,908,971,64,32.0,434.5,1256
D:\PycnoStressMonitor\data\cold_box_flips\R1_W2_14-5C\i3\0-11_19_23-13_10_37-i3.csv,R1_W2_14-5C,R1,W2,14.5C,i3,2023-11-19,13:10:37,12,985,1020,36,18.0,473.0,1256
D:\PycnoStressMonitor\data\cold_box_flips\R1_W2_14-5C\i3\0-11_19_23-13_10_37-i3.csv,R1_W2_14-5C,R1,W2,14.5C,i3,2023-11-19,13:10:37,13,1039,1078,40,20.0,500.0,1256
D:\PycnoStressMonitor\data\cold_box_flips\R1_W2_14-5C\i3\0-11_19_23-13_10_37-i3.csv,R1_W2_14-5C,R1,W2,14.5C,i3,2023-11-19,13:10:37,14,1095,1164,70,35.0,528.0,1256
D:\PycnoStressMonitor\data\cold_box_flips\R1_W2_14-5C\i3\0-11_19_23-13_10_37-i3.csv,R1_W2_14-5C,R1,W2,14.5C,i3,2023-11-19,13:10:37,15,1190,1216,27,13.5,575.5,1256
D:\PycnoStressMonitor\data\cold_box_flips\R1_W2_14-5C\i7\0-11_19_23-13_22_44-i7.csv,R1_W2_14-5C,R1,W2,14.5C,i7,2023-11-19,13:22:44,1,78,160,83,41.5,0.0,1439
D:\PycnoStressMonitor\data\cold_box_flips\R1_W2_14-5C\i7\0-11_19_23-13_22_44-i7.csv,R1_W2_14-5C,R1,W2,14.5C,i7,2023-11-19,13:22:44,2,173,234,62,31.0,47.5,1439
D:\PycnoStressMonitor\data\cold_box_flips\R1_W2_14-5C\i7\0-11_19_23-13_22_44-i7.csv,R1_W2_14-5C,R1,W2,14.5C,i7,2023-11-19,13:22:44,3,269,339,71,35.5,95.5,1439
D:\PycnoStressMonitor\data\cold_box_flips\R1_W2_14-5C\i7\0-11_19_23-13_22_44-i7.csv,R1_W2_14-5C,R1,W2,14.5C,i7,2023-11-19,13:22:44,4,355,397,43,21.5,138.5,1439
D:\PycnoStressMonitor\data\cold_box_flips\R1_W2_14-5C\i7\0-11_19_23-13_22_44-i7.csv,R1_W2_14-5C,R1,W2,14.5C,i7,2023-11-19,13:22:44,5,416,442,27,13.5,169.0,1439
D:\PycnoStressMonitor\data\cold_box_flips\R1_W2_14-5C\i7\0-11_19_23-13_22_44-i7.csv,R1_W2_14-5C,R1,W2,14.5C,i7,2023-11-19,13:22:44,6,455,495,41,20.5,188.5,1439
D:\PycnoStressMonitor\data\cold_box_flips\R1_W2_14-5C\i7\0-11_19_23-13_22_44-i7.csv,R1_W2_14-5C,R1,W2,14.5C,i7,2023-11-19,13:22:44,7,508,606,99,49.5,215.0,1439
D:\PycnoStressMonitor\data\cold_box_flips\R1_W2_14-5C\i7\0-11_19_23-13_22_44-i7.csv,R1_W2_14-5C,R1,W2,14.5C,i7,2023-11-19,13:22:44,8,622,683,62,31.0,272.0,1439
D:\PycnoStressMonitor\data\cold_box_flips\R1_W2_14-5C\i7\0-11_19_23-13_22_44-i7.csv,R1_W2_14-5C,R1,W2,14.5C,i7,2023-11-19,13:22:44,9,719,767,49,24.5,320.5,1439
D:\PycnoStressMonitor\data\cold_box_flips\R1_W2_14-5C\i7\0-11_19_23-13_22_44-i7.csv,R1_W2_14-5C,R1,W2,14.5C,i7,2023-11-19,13:22:44,10,778,827,50,25.0,350.0,1439
D:\PycnoStressMonitor\data\cold_box_flips\R1_W2_14-5C\i7\0-11_19_23-13_22_44-i7.csv,R1_W2_14-5C,R1,W2,14.5C,i7,2023-11-19,13:22:44,11,847,876,30,15.0,384.5,1439
D:\PycnoStressMonitor\data\cold_box_flips\R1_W2_14-5C\i7\0-11_19_23-13_22_44-i7.csv,R1_W2_14-5C,R1,W2,14.5C,i7,2023-11-19,13:22:44,12,904,1013,110,55.0,413.0,1439
D:\PycnoStressMonitor\data\cold_box_flips\R1_W2_14-5C\i7\0-11_19_23-13_22_44-i7.csv,R1_W2_14-5C,R1,W2,14.5C,i7,2023-11-19,13:22:44,13,1037,1113,77,38.5,479.5,1439
D:\PycnoStressMonitor\data\cold_box_flips\R1_W2_14-5C\i7\0-11_19_23-13_22_44-i7.csv,R1_W2_14-5C,R1,W2,14.5C,i7,2023-11-19,13:22:44,14,1169,1206,38,19.0,545.5,1439
D:\PycnoStressMonitor\data\cold_box_flips\R1_W2_14-5C\i7\0-11_19_23-13_22_44-i7.csv,R1_W2_14-5C,R1,W2,14.5C,i7,2023-11-19,13:22:44,15,1235,1286,52,26.0,578.5,1439
D:\PycnoStressMonitor\data\cold_box_flips\R1_W2_14-5C\i7\0-11_19_23-13_22_44-i7.csv,R1_W2_14-5C,R1,W2,14.5C,i7,2023-11-19,13:22:44,16,1307,1352,46,23.0,614.5,1439
D:\PycnoStressMonitor\data\cold_box_flips\R1_W2_14-5C\i7\0-11_19_23-13_22_44-i7.csv,R1_W2_14-5C,R1,W2,14.5C,i7,2023-11-19,13:22:44,17,1378,1435,58,29.0,650.0,1439
D:\PycnoStressMonitor\data\cold_box_flips\R1_W2_14-5C\i8\0-11_19_23-13_37_10-i8.csv,R1_W2_14-5C,R1,W2,14.5C,i8,2023-11-19,13:37:10,1,1,84,84,42.0,0.0,1367
D:\PycnoStressMonitor\data\cold_box_flips\R1_W2_14-5C\i8\0-11_19_23-13_37_10-i8.csv,R1_W2_14-5C,R1,W2,14.5C,i8,2023-11-19,13:37:10,2,99,168,70,35.0,49.0,1367
D:\PycnoStressMonitor\data\cold_box_flips\R1_W2_14-5C\i8\0-11_19_23-13_37_10-i8.csv,R1_W2_14-5C,R1,W2,14.5C,i8,2023-11-19,13:37:10,3,211,243,33,16.5,105.0,1367
D:\PycnoStressMonitor\data\cold_box_flips\R1_W2_14-5C\i8\0-11_19_23-13_37_10-i8.csv,R1_W2_14-5C,R1,W2,14.5C,i8,2023-11-19,13:37:10,4,260,311,52,26.0,129.5,1367
D:\PycnoStressMonitor\data\cold_box_flips\R1_W2_14-5C\i8\0-11_19_23-13_37_10-i8.csv,R1_W2_14-5C,R1,W2,14.5C,i8,2023-11-19,13:37:10,5,322,349,28,14.0,160.5,1367
D:\PycnoStressMonitor\data\cold_box_flips\R1_W2_14-5C\i8\0-11_19_23-13_37_10-i8.csv,R1_W2_14-5C,R1,W2,14.5C,i8,2023-11-19,13:37:10,6,372,410,39,19.5,185.5,1367
D:\PycnoStressMonitor\data\cold_box_flips\R1_W2_14-5C\i8\0-11_19_23-13_37_10-i8.csv,R1_W2_14-5C,R1,W2,14.5C,i8,2023-11-19,13:37:10,7,430,469,40,20.0,214.5,1367
D:\PycnoStressMonitor\data\cold_box_flips\R1_W2_14-5C\i8\0-11_19_23-13_37_10-i8.csv,R1_W2_14-5C,R1,W2,14.5C,i8,2023-11-19,13:37:10,8,488,560,73,36.5,243.5,1367
D:\PycnoStressMonitor\data\cold_box_flips\R1_W2_14-5C\i8\0-11_19_23-13_37_10-i8.csv,R1_W2_14-5C,R1,W2,14.5C,i8,2023-11-19,13:37:10,9,580,633,54,27.0,289.5,1367
D:\PycnoStressMonitor\data\cold_box_flips\R1_W2_14-5C\i8\0-11_19_23-13_37_10-i8.csv,R1_W2_14-5C,R1,W2,14.5C,i8,2023-11-19,13:37:10,10,660,683,24,12.0,329.5,1367
D:\PycnoStressMonitor\data\cold_box_flips\R1_W2_14-5C\i8\0-11_19_23-13_37_10-i8.csv,R1_W2_14-5C,R1,W2,14.5C,i8,2023-11-19,13:37:10,11,699,794,96,48.0,349.0,1367
D:\PycnoStressMonitor\data\cold_box_flips\R1_W2_14-5C\i8\0-11_19_23-13_37_10-i8.csv,R1_W2_14-5C,R1,W2,14.5C,i8,2023-11-19,13:37:10,12,805,841,37,18.5,402.0,1367
D:\PycnoStressMonitor\data\cold_box_flips\R1_W2_14-5C\i8\0-11_19_23-13_37_10-i8.csv,R1_W2_14-5C,R1,W2,14.5C,i8,2023-11-19,13:37:10,13,893,964,72,36.0,446.0,1367
D:\PycnoStressMonitor\data\cold_box_flips\R1_W2_14-5C\i8\0-11_19_23-13_37_10-i8.csv,R1_W2_14-5C,R1,W2,14.5C,i8,2023-11-19,13:37:10,14,993,1034,42,21.0,496.0,1367
D:\PycnoStressMonitor\data\cold_box_flips\R1_W2_14-5C\i8\0-11_19_23-13_37_10-i8.csv,R1_W2_14-5C,R1,W2,14.5C,i8,2023-11-19,13:37:10,15,1052,1075,24,12.0,525.5,1367
D:\PycnoStressMonitor\data\cold_box_flips\R1_W2_14-5C\i8\0-11_19_23-13_37_10-i8.csv,R1_W2_14-5C,R1,W2,14.5C,i8,2023-11-19,13:37:10,16,1108,1164,57,28.5,553.5,1367
D:\PycnoStressMonitor\data\cold_box_flips\R1_W2_14-5C\i8\0-11_19_23-13_37_10-i8.csv,R1_W2_14-5C,R1,W2,14.5C,i8,2023-11-19,13:37:10,17,1189,1238,50,25.0,594.0,1367
D:\PycnoStressMonitor\data\cold_box_flips\R1_W2_14-5C\i8\0-11_19_23-13_37_10-i8.csv,R1_W2_14-5C,R1,W2,14.5C,i8,2023-11-19,13:37:10,18,1257,1315,59,29.5,628.0,1367
D:\PycnoStressMonitor\data\cold_box_flips\R1_W2_14-5C\p10\0-11_19_23-12_45_47-p10.csv,R1_W2_14-5C,R1,W2,14.5C,p10,2023-11-19,12:45:47,1,16,162,147,73.5,0.0,1384
D:\PycnoStressMonitor\data\cold_box_flips\R1_W2_14-5C\p10\0-11_19_23-12_45_47-p10.csv,R1_W2_14-5C,R1,W2,14.5C,p10,2023-11-19,12:45:47,2,186,262,77,38.5,85.0,1384
D:\PycnoStressMonitor\data\cold_box_flips\R1_W2_14-5C\p10\0-11_19_23-12_45_47-p10.csv,R1_W2_14-5C,R1,W2,14.5C,p10,2023-11-19,12:45:47,3,291,374,84,42.0,137.5,1384
D:\PycnoStressMonitor\data\cold_box_flips\R1_W2_14-5C\p10\0-11_19_23-12_45_47-p10.csv,R1_W2_14-5C,R1,W2,14.5C,p10,2023-11-19,12:45:47,4,399,454,56,28.0,191.5,1384
D:\PycnoStressMonitor\data\cold_box_flips\R1_W2_14-5C\p10\0-11_19_23-12_45_47-p10.csv,R1_W2_14-5C,R1,W2,14.5C,p10,2023-11-19,12:45:47,5,481,588,108,54.0,232.5,1384
D:\PycnoStressMonitor\data\cold_box_flips\R1_W2_14-5C\p10\0-11_19_23-12_45_47-p10.csv,R1_W2_14-5C,R1,W2,14.5C,p10,2023-11-19,12:45:47,6,603,736,134,67.0,293.5,1384
D:\PycnoStressMonitor\data\cold_box_flips\R1_W2_14-5C\p10\0-11_19_23-12_45_47-p10.csv,R1_W2_14-5C,R1,W2,14.5C,p10,2023-11-19,12:45:47,7,784,877,94,47.0,384.0,1384
D:\PycnoStressMonitor\data\cold_box_flips\R1_W2_14-5C\p10\0-11_19_23-12_45_47-p10.csv,R1_W2_14-5C,R1,W2,14.5C,p10,2023-11-19,12:45:47,8,895,939,45,22.5,439.5,1384
D:\PycnoStressMonitor\data\cold_box_flips\R1_W2_14-5C\p10\0-11_19_23-12_45_47-p10.csv,R1_W2_14-5C,R1,W2,14.5C,p10,2023-11-19,12:45:47,9,955,1056,102,51.0,469.5,1384
D:\PycnoStressMonitor\data\cold_box_flips\R1_W2_14-5C\p10\0-11_19_23-12_45_47-p10.csv,R1_W2_14-5C,R1,W2,14.5C,p10,2023-11-19,12:45:47,10,1091,1152,62,31.0,537.5,1384
D:\PycnoStressMonitor\data\cold_box_flips\R1_W2_14-5C\p10\0-11_19_23-12_45_47-p10.csv,R1_W2_14-5C,R1,W2,14.5C,p10,2023-11-19,12:45:47,11,1166,1224,59,29.5,575.0,1384
D:\PycnoStressMonitor\data\cold_box_flips\R1_W2_14-5C\p10\0-11_19_23-12_45_47-p10.csv,R1_W2_14-5C,R1,W2,14.5C,p10,2023-11-19,12:45:47,12,1241,1354,114,57.0,612.5,1384
D:\PycnoStressMonitor\data\cold_box_flips\R1_W2_14-5C\p12\0-11_19_23-12_58_19-p12.csv,R1_W2_14-5C,R1,W2,14.5C,p12,2023-11-19,12:58:19,1,21,118,98,49.0,0.0,1242
D:\PycnoStressMonitor\data\cold_box_flips\R1_W2_14-5C\p12\0-11_19_23-12_58_19-p12.csv,R1_W2_14-5C,R1,W2,14.5C,p12,2023-11-19,12:58:19,2,142,235,94,47.0,60.5,1242
D:\PycnoStressMonitor\data\cold_box_flips\R1_W2_14-5C\p12\0-11_19_23-12_58_19-p12.csv,R1_W2_14-5C,R1,W2,14.5C,p12,2023-11-19,12:58:19,3,257,311,55,27.5,118.0,1242
D:\PycnoStressMonitor\data\cold_box_flips\R1_W2_14-5C\p12\0-11_19_23-12_58_19-p12.csv,R1_W2_14-5C,R1,W2,14.5C,p12,2023-11-19,12:58:19,4,334,389,56,28.0,156.5,1242
D:\PycnoStressMonitor\data\cold_box_flips\R1_W2_14-5C\p12\0-11_19_23-12_58_19-p12.csv,R1_W2_14-5C,R1,W2,14.5C,p12,2023-11-19,12:58:19,5,408,430,23,11.5,193.5,1242
D:\PycnoStressMonitor\data\cold_box_flips\R1_W2_14-5C\p12\0-11_19_23-12_58_19-p12.csv,R1_W2_14-5C,R1,W2,14.5C,p12,2023-11-19,12:58:19,6,442,493,52,26.0,210.5,1242
D:\PycnoStressMonitor\data\cold_box_flips\R1_W2_14-5C\p12\0-11_19_23-12_58_19-p12.csv,R1_W2_14-5C,R1,W2,14.5C,p12,2023-11-19,12:58:19,7,513,527,15,7.5,246.0,1242
D:\PycnoStressMonitor\data\cold_box_flips\R1_W2_14-5C\p12\0-11_19_23-12_58_19-p12.csv,R1_W2_14-5C,R1,W2,14.5C,p12,2023-11-19,12:58:19,8,547,574,28,14.0,263.0,1242
D:\PycnoStressMonitor\data\cold_box_flips\R1_W2_14-5C\p12\0-11_19_23-12_58_19-p12.csv,R1_W2_14-5C,R1,W2,14.5C,p12,2023-11-19,12:58:19,9,589,620,32,16.0,284.0,1242
D:\PycnoStressMonitor\data\cold_box_flips\R1_W2_14-5C\p12\0-11_19_23-12_58_19-p12.csv,R1_W2_14-5C,R1,W2,14.5C,p12,2023-11-19,12:58:19,10,633,670,38,19.0,306.0,1242
D:\PycnoStressMonitor\data\cold_box_flips\R1_W2_14-5C\p12\0-11_19_23-12_58_19-p12.csv,R1_W2_14-5C,R1,W2,14.5C,p12,2023-11-19,12:58:19,11,689,710,22,11.0,334.0,1242
D:\PycnoStressMonitor\data\cold_box_flips\R1_W2_14-5C\p12\0-11_19_23-12_58_19-p12.csv,R1_W2_14-5C,R1,W2,14.5C,p12,2023-11-19,12:58:19,12,735,755,21,10.5,357.0,1242
D:\PycnoStressMonitor\data\cold_box_flips\R1_W2_14-5C\p12\0-11_19_23-12_58_19-p12.csv,R1_W2_14-5C,R1,W2,14.5C,p12,2023-11-19,12:58:19,13,777,796,20,10.0,378.0,1242
D:\PycnoStressMonitor\data\cold_box_flips\R1_W2_14-5C\p12\0-11_19_23-12_58_19-p12.csv,R1_W2_14-5C,R1,W2,14.5C,p12,2023-11-19,12:58:19,14,816,846,31,15.5,397.5,1242
D:\PycnoStressMonitor\data\cold_box_flips\R1_W2_14-5C\p12\0-11_19_23-12_58_19-p12.csv,R1_W2_14-5C,R1,W2,14.5C,p12,2023-11-19,12:58:19,15,859,902,44,22.0,419.0,1242
D:\PycnoStressMonitor\data\cold_box_flips\R1_W2_14-5C\p12\0-11_19_23-12_58_19-p12.csv,R1_W2_14-5C,R1,W2,14.5C,p12,2023-11-19,12:58:19,16,936,966,31,15.5,457.5,1242
D:\PycnoStressMonitor\data\cold_box_flips\R1_W2_14-5C\p12\0-11_19_23-12_58_19-p12.csv,R1_W2_14-5C,R1,W2,14.5C,p12,2023-11-19,12:58:19,17,986,1016,31,15.5,482.5,1242
D:\PycnoStressMonitor\data\cold_box_flips\R1_W2_14-5C\p12\0-11_19_23-12_58_19-p12.csv,R1_W2_14-5C,R1,W2,14.5C,p12,2023-11-19,12:58:19,18,1035,1055,21,10.5,507.0,1242
D:\PycnoStressMonitor\data\cold_box_flips\R1_W2_14-5C\p12\0-11_19_23-12_58_19-p12.csv,R1_W2_14-5C,R1,W2,14.5C,p12,2023-11-19,12:58:19,19,1070,1140,71,35.5,524.5,1242
D:\PycnoStressMonitor\data\cold_box_flips\R1_W2_14-5C\p12\0-11_19_23-12_58_19-p12.csv,R1_W2_14-5C,R1,W2,14.5C,p12,2023-11-19,12:58:19,20,1162,1201,40,20.0,570.5,1242
D:\PycnoStressMonitor\data\cold_box_flips\R1_W2_14-5C\p6\0-11_19_23-12_21_23-p6.csv,R1_W2_14-5C,R1,W2,14.5C,p6,2023-11-19,12:21:23,1,1,31,31,15.5,0.0,1314
D:\PycnoStressMonitor\data\cold_box_flips\R1_W2_14-5C\p6\0-11_19_23-12_21_23-p6.csv,R1_W2_14-5C,R1,W2,14.5C,p6,2023-11-19,12:21:23,2,70,126,57,28.5,34.5,1314
D:\PycnoStressMonitor\data\cold_box_flips\R1_W2_14-5C\p6\0-11_19_23-12_21_23-p6.csv,R1_W2_14-5C,R1,W2,14.5C,p6,2023-11-19,12:21:23,3,139,179,41,20.5,69.0,1314
D:\PycnoStressMonitor\data\cold_box_flips\R1_W2_14-5C\p6\0-11_19_23-12_21_23-p6.csv,R1_W2_14-5C,R1,W2,14.5C,p6,2023-11-19,12:21:23,4,199,236,38,19.0,99.0,1314
D:\PycnoStressMonitor\data\cold_box_flips\R1_W2_14-5C\p6\0-11_19_23-12_21_23-p6.csv,R1_W2_14-5C,R1,W2,14.5C,p6,2023-11-19,12:21:23,5,258,289,32,16.0,128.5,1314
D:\PycnoStressMonitor\data\cold_box_flips\R1_W2_14-5C\p6\0-11_19_23-12_21_23-p6.csv,R1_W2_14-5C,R1,W2,14.5C,p6,2023-11-19,12:21:23,6,312,332,21,10.5,155.5,1314
D:\PycnoStressMonitor\data\cold_box_flips\R1_W2_14-5C\p6\0-11_19_23-12_21_23-p6.csv,R1_W2_14-5C,R1,W2,14.5C,p6,2023-11-19,12:21:23,7,354,382,29,14.5,176.5,1314
D:\PycnoStressMonitor\data\cold_box_flips\R1_W2_14-5C\p6\0-11_19_23-12_21_23-p6.csv,R1_W2_14-5C,R1,W2,14.5C,p6,2023-11-19,12:21:23,8,400,436,37,18.5,199.5,1314
D:\PycnoStressMonitor\data\cold_box_flips\R1_W2_14-5C\p6\0-11_19_23-12_21_23-p6.csv,R1_W2_14-5C,R1,W2,14.5C,p6,2023-11-19,12:21:23,9,455,497,43,21.5,227.0,1314
D:\PycnoStressMonitor\data\cold_box_flips\R1_W2_14-5C\p6\0-11_19_23-12_21_23-p6.csv,R1_W2_14-5C,R1,W2,14.5C,p6,2023-11-19,12:21:23,10,513,557,45,22.5,256.0,1314
D:\PycnoStressMonitor\data\cold_box_flips\R1_W2_14-5C\p6\0-11_19_23-12_21_23-p6.csv,R1_W2_14-5C,R1,W2,14.5C,p6,2023-11-19,12:21:23,11,574,611,38,19.0,286.5,1314
D:\PycnoStressMonitor\data\cold_box_flips\R1_W2_14-5C\p6\0-11_19_23-12_21_23-p6.csv,R1_W2_14-5C,R1,W2,14.5C,p6,2023-11-19,12:21:23,12,634,668,35,17.5,316.5,1314
D:\PycnoStressMonitor\data\cold_box_flips\R1_W2_14-5C\p6\0-11_19_23-12_21_23-p6.csv,R1_W2_14-5C,R1,W2,14.5C,p6,2023-11-19,12:21:23,13,699,739,41,20.5,349.0,1314
D:\PycnoStressMonitor\data\cold_box_flips\R1_W2_14-5C\p6\0-11_19_23-12_21_23-p6.csv,R1_W2_14-5C,R1,W2,14.5C,p6,2023-11-19,12:21:23,14,759,814,56,28.0,379.0,1314
D:\PycnoStressMonitor\data\cold_box_flips\R1_W2_14-5C\p6\0-11_19_23-12_21_23-p6.csv,R1_W2_14-5C,R1,W2,14.5C,p6,2023-11-19,12:21:23,15,829,879,51,25.5,414.0,1314
D:\PycnoStressMonitor\data\cold_box_flips\R1_W2_14-5C\p6\0-11_19_23-12_21_23-p6.csv,R1_W2_14-5C,R1,W2,14.5C,p6,2023-11-19,12:21:23,16,897,956,60,30.0,448.0,1314
D:\PycnoStressMonitor\data\cold_box_flips\R1_W2_14-5C\p6\0-11_19_23-12_21_23-p6.csv,R1_W2_14-5C,R1,W2,14.5C,p6,2023-11-19,12:21:23,17,973,1012,40,20.0,486.0,1314
D:\PycnoStressMonitor\data\cold_box_flips\R1_W2_14-5C\p6\0-11_19_23-12_21_23-p6.csv,R1_W2_14-5C,R1,W2,14.5C,p6,2023-11-19,12:21:23,18,1036,1084,49,24.5,517.5,1314
D:\PycnoStressMonitor\data\cold_box_flips\R1_W2_14-5C\p6\0-11_19_23-12_21_23-p6.csv,R1_W2_14-5C,R1,W2,14.5C,p6,2023-11-19,12:21:23,19,1114,1190,77,38.5,556.5,1314
D:\PycnoStressMonitor\data\cold_box_flips\R1_W2_14-5C\p6\0-11_19_23-12_21_23-p6.csv,R1_W2_14-5C,R1,W2,14.5C,p6,2023-11-19,12:21:23,20,1207,1261,55,27.5,603.0,1314
D:\PycnoStressMonitor\data\cold_box_flips\R1_W2_14-5C\p9\0-11_19_23-12_33_38-p9.csv,R1_W2_14-5C,R1,W2,14.5C,p9,2023-11-19,12:33:38,1,63,86,24,12.0,0.0,1335
D:\PycnoStressMonitor\data\cold_box_flips\R1_W2_14-5C\p9\0-11_19_23-12_33_38-p9.csv,R1_W2_14-5C,R1,W2,14.5C,p9,2023-11-19,12:33:38,2,133,194,62,31.0,35.0,1335
D:\PycnoStressMonitor\data\cold_box_flips\R1_W2_14-5C\p9\0-11_19_23-12_33_38-p9.csv,R1_W2_14-5C,R1,W2,14.5C,p9,2023-11-19,12:33:38,3,205,267,63,31.5,71.0,1335
D:\PycnoStressMonitor\data\cold_box_flips\R1_W2_14-5C\p9\0-11_19_23-12_33_38-p9.csv,R1_W2_14-5C,R1,W2,14.5C,p9,2023-11-19,12:33:38,4,290,355,66,33.0,113.5,1335
D:\PycnoStressMonitor\data\cold_box_flips\R1_W2_14-5C\p9\0-11_19_23-12_33_38-p9.csv,R1_W2_14-5C,R1,W2,14.5C,p9,2023-11-19,12:33:38,5,372,460,89,44.5,154.5,1335
D:\PycnoStressMonitor\data\cold_box_flips\R1_W2_14-5C\p9\0-11_19_23-12_33_38-p9.csv,R1_W2_14-5C,R1,W2,14.5C,p9,2023-11-19,12:33:38,6,479,507,29,14.5,208.0,1335
D:\PycnoStressMonitor\data\cold_box_flips\R1_W2_14-5C\p9\0-11_19_23-12_33_38-p9.csv,R1_W2_14-5C,R1,W2,14.5C,p9,2023-11-19,12:33:38,7,554,605,52,26.0,245.5,1335
D:\PycnoStressMonitor\data\cold_box_flips\R1_W2_14-5C\p9\0-11_19_23-12_33_38-p9.csv,R1_W2_14-5C,R1,W2,14.5C,p9,2023-11-19,12:33:38,8,640,669,30,15.0,288.5,1335
D:\PycnoStressMonitor\data\cold_box_flips\R1_W2_14-5C\p9\0-11_19_23-12_33_38-p9.csv,R1_W2_14-5C,R1,W2,14.5C,p9,2023-11-19,12:33:38,9,688,751,64,32.0,312.5,1335
D:\PycnoStressMonitor\data\cold_box_flips\R1_W2_14-5C\p9\0-11_19_23-12_33_38-p9.csv,R1_W2_14-5C,R1,W2,14.5C,p9,2023-11-19,12:33:38,10,782,815,34,17.0,359.5,1335
D:\PycnoStressMonitor\data\cold_box_flips\R1_W2_14-5C\p9\0-11_19_23-12_33_38-p9.csv,R1_W2_14-5C,R1,W2,14.5C,p9,2023-11-19,12:33:38,11,829,854,26,13.0,383.0,1335
D:\PycnoStressMonitor\data\cold_box_flips\R1_W2_14-5C\p9\0-11_19_23-12_33_38-p9.csv,R1_W2_14-5C,R1,W2,14.5C,p9,2023-11-19,12:33:38,12,929,976,48,24.0,433.0,1335
D:\PycnoStressMonitor\data\cold_box_flips\R1_W2_14-5C\p9\0-11_19_23-12_33_38-p9.csv,R1_W2_14-5C,R1,W2,14.5C,p9,2023-11-19,12:33:38,13,990,1060,71,35.5,463.5,1335
D:\PycnoStressMonitor\data\cold_box_flips\R1_W2_14-5C\p9\0-11_19_23-12_33_38-p9.csv,R1_W2_14-5C,R1,W2,14.5C,p9,2023-11-19,12:33:38,14,1079,1115,37,18.5,508.0,1335
D:\PycnoStressMonitor\data\cold_box_flips\R1_W2_14-5C\p9\0-11_19_23-12_33_38-p9.csv,R1_W2_14-5C,R1,W2,14.5C,p9,2023-11-19,12:33:38,15,1136,1173,38,19.0,536.5,1335
D:\PycnoStressMonitor\data\cold_box_flips\R1_W2_14-5C\p9\0-11_19_23-12_33_38-p9.csv,R1_W2_14-5C,R1,W2,14.5C,p9,2023-11-19,12:33:38,16,1209,1235,27,13.5,573.0,1335
D:\PycnoStressMonitor\data\cold_box_flips\R1_W2_14-5C\p9\0-11_19_23-12_33_38-p9.csv,R1_W2_14-5C,R1,W2,14.5C,p9,2023-11-19,12:33:38,17,1265,1307,43,21.5,601.0,1335
D:\PycnoStressMonitor\data\cold_box_flips\R2_W1_12C\i2\0-12_04_23-14_02_09-i2.csv,R2_W1_12C,R2,W1,12C,i2,2023-12-04,14:02:09,1,4,8,5,2.5,0.0,1439
D:\PycnoStressMonitor\data\cold_box_flips\R2_W1_12C\i2\0-12_04_23-14_02_09-i2.csv,R2_W1_12C,R2,W1,12C,i2,2023-12-04,14:02:09,2,13,143,131,65.5,4.5,1439
D:\PycnoStressMonitor\data\cold_box_flips\R2_W1_12C\i2\0-12_04_23-14_02_09-i2.csv,R2_W1_12C,R2,W1,12C,i2,2023-12-04,14:02:09,3,145,152,8,4.0,70.5,1439
D:\PycnoStressMonitor\data\cold_box_flips\R2_W1_12C\i2\0-12_04_23-14_02_09-i2.csv,R2_W1_12C,R2,W1,12C,i2,2023-12-04,14:02:09,4,164,205,42,21.0,80.0,1439
D:\PycnoStressMonitor\data\cold_box_flips\R2_W1_12C\i2\0-12_04_23-14_02_09-i2.csv,R2_W1_12C,R2,W1,12C,i2,2023-12-04,14:02:09,5,244,277,34,17.0,120.0,1439
D:\PycnoStressMonitor\data\cold_box_flips\R2_W1_12C\i2\0-12_04_23-14_02_09-i2.csv,R2_W1_12C,R2,W1,12C,i2,2023-12-04,14:02:09,6,297,398,102,51.0,146.5,1439
D:\PycnoStressMonitor\data\cold_box_flips\R2_W1_12C\i2\0-12_04_23-14_02_09-i2.csv,R2_W1_12C,R2,W1,12C,i2,2023-12-04,14:02:09,7,430,485,56,28.0,213.0,1439
D:\PycnoStressMonitor\data\cold_box_flips\R2_W1_12C\i2\0-12_04_23-14_02_09-i2.csv,R2_W1_12C,R2,W1,12C,i2,2023-12-04,14:02:09,8,515,570,56,28.0,255.5,1439
D:\PycnoStressMonitor\data\cold_box_flips\R2_W1_12C\i2\0-12_04_23-14_02_09-i2.csv,R2_W1_12C,R2,W1,12C,i2,2023-12-04,14:02:09,9,590,653,64,32.0,293.0,1439
D:\PycnoStressMonitor\data\cold_box_flips\R2_W1_12C\i2\0-12_04_23-14_02_09-i2.csv,R2_W1_12C,R2,W1,12C,i2,2023-12-04,14:02:09,10,667,728,62,31.0,331.5,1439
D:\PycnoStressMonitor\data\cold_box_flips\R2_W1_12C\i2\0-12_04_23-14_02_09-i2.csv,R2_W1_12C,R2,W1,12C,i2,2023-12-04,14:02:09,11,750,794,45,22.5,373.0,1439
D:\PycnoStressMonitor\data\cold_box_flips\R2_W1_12C\i2\0-12_04_23-14_02_09-i2.csv,R2_W1_12C,R2,W1,12C,i2,2023-12-04,14:02:09,12,817,885,69,34.5,406.5,1439
D:\PycnoStressMonitor\data\cold_box_flips\R2_W1_12C\i2\0-12_04_23-14_02_09-i2.csv,R2_W1_12C,R2,W1,12C,i2,2023-12-04,14:02:09,13,926,956,31,15.5,461.0,1439
D:\PycnoStressMonitor\data\cold_box_flips\R2_W1_12C\i2\0-12_04_23-14_02_09-i2.csv,R2_W1_12C,R2,W1,12C,i2,2023-12-04,14:02:09,14,978,1101,124,62.0,487.0,1439
D:\PycnoStressMonitor\data\cold_box_flips\R2_W1_12C\i2\0-12_04_23-14_02_09-i2.csv,R2_W1_12C,R2,W1,12C,i2,2023-12-04,14:02:09,15,1118,1175,58,29.0,557.0,1439
D:\PycnoStressMonitor\data\cold_box_flips\R2_W1_12C\i2\0-12_04_23-14_02_09-i2.csv,R2_W1_12C,R2,W1,12C,i2,2023-12-04,14:02:09,16,1199,1299,101,50.5,597.5,1439
D:\PycnoStressMonitor\data\cold_box_flips\R2_W1_12C\i2\0-12_04_23-14_02_09-i2.csv,R2_W1_12C,R2,W1,12C,i2,2023-12-04,14:02:09,17,1322,1439,118,59.0,659.0,1439
D:\PycnoStressMonitor\data\cold_box_flips\R2_W1_12C\i4\0-12_04_23-14_16_26-i4.csv,R2_W1_12C,R2,W1,12C,i4,2023-12-04,14:16:26,1,18,113,96,48.0,0.0,1242
D:\PycnoStressMonitor\data\cold_box_flips\R2_W1_12C\i4\0-12_04_23-14_16_26-i4.csv,R2_W1_12C,R2,W1,12C,i4,2023-12-04,14:16:26,2,133,218,86,43.0,57.5,1242
D:\PycnoStressMonitor\data\cold_box_flips\R2_W1_12C\i4\0-12_04_23-14_16_26-i4.csv,R2_W1_12C,R2,W1,12C,i4,2023-12-04,14:16:26,3,241,324,84,42.0,111.5,1242
D:\PycnoStressMonitor\data\cold_box_flips\R2_W1_12C\i4\0-12_04_23-14_16_26-i4.csv,R2_W1_12C,R2,W1,12C,i4,2023-12-04,14:16:26,4,341,386,46,23.0,161.5,1242
D:\PycnoStressMonitor\data\cold_box_flips\R2_W1_12C\i4\0-12_04_23-14_16_26-i4.csv,R2_W1_12C,R2,W1,12C,i4,2023-12-04,14:16:26,5,406,435,30,15.0,194.0,1242
D:\PycnoStressMonitor\data\cold_box_flips\R2_W1_12C\i4\0-12_04_23-14_16_26-i4.csv,R2_W1_12C,R2,W1,12C,i4,2023-12-04,14:16:26,6,460,526,67,33.5,221.0,1242
D:\PycnoStressMonitor\data\cold_box_flips\R2_W1_12C\i4\0-12_04_23-14_16_26-i4.csv,R2_W1_12C,R2,W1,12C,i4,2023-12-04,14:16:26,7,543,623,81,40.5,262.5,1242
D:\PycnoStressMonitor\data\cold_box_flips\R2_W1_12C\i4\0-12_04_23-14_16_26-i4.csv,R2_W1_12C,R2,W1,12C,i4,2023-12-04,14:16:26,8,647,710,64,32.0,314.5,1242
D:\PycnoStressMonitor\data\cold_box_flips\R2_W1_12C\i4\0-12_04_23-14_16_26-i4.csv,R2_W1_12C,R2,W1,12C,i4,2023-12-04,14:16:26,9,745,818,74,37.0,363.5,1242
D:\PycnoStressMonitor\data\cold_box_flips\R2_W1_12C\i4\0-12_04_23-14_16_26-i4.csv,R2_W1_12C,R2,W1,12C,i4,2023-12-04,14:16:26,10,843,886,44,22.0,412.5,1242
D:\PycnoStressMonitor\data\cold_box_flips\R2_W1_12C\i4\0-12_04_23-14_16_26-i4.csv,R2_W1_12C,R2,W1,12C,i4,2023-12-04,14:16:26,11,914,1020,107,53.5,448.0,1242
D:\PycnoStressMonitor\data\cold_box_flips\R2_W1_12C\i4\0-12_04_23-14_16_26-i4.csv,R2_W1_12C,R2,W1,12C,i4,2023-12-04,14:16:26,12,1043,1106,64,32.0,512.5,1242
D:\PycnoStressMonitor\data\cold_box_flips\R2_W1_12C\i4\0-12_04_23-14_16_26-i4.csv,R2_W1_12C,R2,W1,12C,i4,2023-12-04,14:16:26,13,1126,1199,74,37.0,554.0,1242
D:\PycnoStressMonitor\data\cold_box_flips\R2_W1_12C\i6\0-12_04_23-14_29_42-i6.csv,R2_W1_12C,R2,W1,12C,i6,2023-12-04,14:29:42,1,58,154,97,48.5,0.0,1264
D:\PycnoStressMonitor\data\cold_box_flips\R2_W1_12C\i6\0-12_04_23-14_29_42-i6.csv,R2_W1_12C,R2,W1,12C,i6,2023-12-04,14:29:42,2,184,273,90,45.0,63.0,1264
D:\PycnoStressMonitor\data\cold_box_flips\R2_W1_12C\i6\0-12_04_23-14_29_42-i6.csv,R2_W1_12C,R2,W1,12C,i6,2023-12-04,14:29:42,3,318,395,78,39.0,130.0,1264
D:\PycnoStressMonitor\data\cold_box_flips\R2_W1_12C\i6\0-12_04_23-14_29_42-i6.csv,R2_W1_12C,R2,W1,12C,i6,2023-12-04,14:29:42,4,415,494,80,40.0,178.5,1264
D:\PycnoStressMonitor\data\cold_box_flips\R2_W1_12C\i6\0-12_04_23-14_29_42-i6.csv,R2_W1_12C,R2,W1,12C,i6,2023-12-04,14:29:42,5,534,570,37,18.5,238.0,1264
D:\PycnoStressMonitor\data\cold_box_flips\R2_W1_12C\i6\0-12_04_23-14_29_42-i6.csv,R2_W1_12C,R2,W1,12C,i6,2023-12-04,14:29:42,6,594,650,57,28.5,268.0,1264
D:\PycnoStressMonitor\data\cold_box_flips\R2_W1_12C\i6\0-12_04_23-14_29_42-i6.csv,R2_W1_12C,R2,W1,12C,i6,2023-12-04,14:29:42,7,673,762,90,45.0,307.5,1264
D:\PycnoStressMonitor\data\cold_box_flips\R2_W1_12C\i6\0-12_04_23-14_29_42-i6.csv,R2_W1_12C,R2,W1,12C,i6,2023-12-04,14:29:42,8,783,845,63,31.5,362.5,1264
D:\PycnoStressMonitor\data\cold_box_flips\R2_W1_12C\i6\0-12_04_23-14_29_42-i6.csv,R2_W1_12C,R2,W1,12C,i6,2023-12-04,14:29:42,9,866,928,63,31.5,404.0,1264
D:\PycnoStressMonitor\data\cold_box_flips\R2_W1_12C\i6\0-12_04_23-14_29_42-i6.csv,R2_W1_12C,R2,W1,12C,i6,2023-12-04,14:29:42,10,958,1027,70,35.0,450.0,1264
D:\PycnoStressMonitor\data\cold_box_flips\R2_W1_12C\i6\0-12_04_23-14_29_42-i6.csv,R2_W1_12C,R2,W1,12C,i6,2023-12-04,14:29:42,11,1046,1102,57,28.5,494.0,1264
D:\PycnoStressMonitor\data\cold_box_flips\R2_W1_12C\i6\0-12_04_23-14_29_42-i6.csv,R2_W1_12C,R2,W1,12C,i6,2023-12-04,14:29:42,12,1133,1211,79,39.5,537.5,1264
D:\PycnoStressMonitor\data\cold_box_flips\R2_W1_12C\p1\0-12_04_23-14_42_36-p1.csv,R2_W1_12C,R2,W1,12C,p1,2023-12-04,14:42:36,1,47,87,41,20.5,0.0,1274
D:\PycnoStressMonitor\data\cold_box_flips\R2_W1_12C\p1\0-12_04_23-14_42_36-p1.csv,R2_W1_12C,R2,W1,12C,p1,2023-12-04,14:42:36,2,105,158,54,27.0,29.0,1274
D:\PycnoStressMonitor\data\cold_box_flips\R2_W1_12C\p1\0-12_04_23-14_42_36-p1.csv,R2_W1_12C,R2,W1,12C,p1,2023-12-04,14:42:36,3,188,239,52,26.0,70.5,1274
D:\PycnoStressMonitor\data\cold_box_flips\R2_W1_12C\p1\0-12_04_23-14_42_36-p1.csv,R2_W1_12C,R2,W1,12C,p1,2023-12-04,14:42:36,4,258,293,36,18.0,105.5,1274
D:\PycnoStressMonitor\data\cold_box_flips\R2_W1_12C\p1\0-12_04_23-14_42_36-p1.csv,R2_W1_12C,R2,W1,12C,p1,2023-12-04,14:42:36,5,312,344,33,16.5,132.5,1274
D:\PycnoStressMonitor\data\cold_box_flips\R2_W1_12C\p1\0-12_04_23-14_42_36-p1.csv,R2_W1_12C,R2,W1,12C,p1,2023-12-04,14:42:36,6,369,413,45,22.5,161.0,1274
D:\PycnoStressMonitor\data\cold_box_flips\R2_W1_12C\p1\0-12_04_23-14_42_36-p1.csv,R2_W1_12C,R2,W1,12C,p1,2023-12-04,14:42:36,7,429,478,50,25.0,191.0,1274
D:\PycnoStressMonitor\data\cold_box_flips\R2_W1_12C\p1\0-12_04_23-14_42_36-p1.csv,R2_W1_12C,R2,W1,12C,p1,2023-12-04,14:42:36,8,503,560,58,29.0,228.0,1274
D:\PycnoStressMonitor\data\cold_box_flips\R2_W1_12C\p1\0-12_04_23-14_42_36-p1.csv,R2_W1_12C,R2,W1,12C,p1,2023-12-04,14:42:36,9,596,611,16,8.0,274.5,1274
D:\PycnoStressMonitor\data\cold_box_flips\R2_W1_12C\p1\0-12_04_23-14_42_36-p1.csv,R2_W1_12C,R2,W1,12C,p1,2023-12-04,14:42:36,10,634,666,33,16.5,293.5,1274
D:\PycnoStressMonitor\data\cold_box_flips\R2_W1_12C\p1\0-12_04_23-14_42_36-p1.csv,R2_W1_12C,R2,W1,12C,p1,2023-12-04,14:42:36,11,689,737,49,24.5,321.0,1274
D:\PycnoStressMonitor\data\cold_box_flips\R2_W1_12C\p1\0-12_04_23-14_42_36-p1.csv,R2_W1_12C,R2,W1,12C,p1,2023-12-04,14:42:36,12,763,803,41,20.5,358.0,1274
D:\PycnoStressMonitor\data\cold_box_flips\R2_W1_12C\p1\0-12_04_23-14_42_36-p1.csv,R2_W1_12C,R2,W1,12C,p1,2023-12-04,14:42:36,13,824,865,42,21.0,388.5,1274
D:\PycnoStressMonitor\data\cold_box_flips\R2_W1_12C\p1\0-12_04_23-14_42_36-p1.csv,R2_W1_12C,R2,W1,12C,p1,2023-12-04,14:42:36,14,900,942,43,21.5,426.5,1274
D:\PycnoStressMonitor\data\cold_box_flips\R2_W1_12C\p1\0-12_04_23-14_42_36-p1.csv,R2_W1_12C,R2,W1,12C,p1,2023-12-04,14:42:36,15,964,994,31,15.5,458.5,1274
D:\PycnoStressMonitor\data\cold_box_flips\R2_W1_12C\p1\0-12_04_23-14_42_36-p1.csv,R2_W1_12C,R2,W1,12C,p1,2023-12-04,14:42:36,16,1019,1039,21,10.5,486.0,1274
D:\PycnoStressMonitor\data\cold_box_flips\R2_W1_12C\p1\0-12_04_23-14_42_36-p1.csv,R2_W1_12C,R2,W1,12C,p1,2023-12-04,14:42:36,17,1070,1095,26,13.0,511.5,1274
D:\PycnoStressMonitor\data\cold_box_flips\R2_W1_12C\p1\0-12_04_23-14_42_36-p1.csv,R2_W1_12C,R2,W1,12C,p1,2023-12-04,14:42:36,18,1123,1159,37,18.5,538.0,1274
D:\PycnoStressMonitor\data\cold_box_flips\R2_W1_12C\p1\0-12_04_23-14_42_36-p1.csv,R2_W1_12C,R2,W1,12C,p1,2023-12-04,14:42:36,19,1201,1233,33,16.5,577.0,1274
D:\PycnoStressMonitor\data\cold_box_flips\R2_W1_12C\p11\0-12_04_23-15_26_52-p11.csv,R2_W1_12C,R2,W1,12C,p11,2023-12-04,15:26:52,1,2,12,11,5.5,0.0,1439
D:\PycnoStressMonitor\data\cold_box_flips\R2_W1_12C\p11\0-12_04_23-15_26_52-p11.csv,R2_W1_12C,R2,W1,12C,p11,2023-12-04,15:26:52,2,1,12,12,6.0,-0.5,1439
D:\PycnoStressMonitor\data\cold_box_flips\R2_W1_12C\p11\0-12_04_23-15_26_52-p11.csv,R2_W1_12C,R2,W1,12C,p11,2023-12-04,15:26:52,3,19,289,271,135.5,8.5,1439
D:\PycnoStressMonitor\data\cold_box_flips\R2_W1_12C\p11\0-12_04_23-15_26_52-p11.csv,R2_W1_12C,R2,W1,12C,p11,2023-12-04,15:26:52,4,313,463,151,75.5,155.5,1439
D:\PycnoStressMonitor\data\cold_box_flips\R2_W1_12C\p11\0-12_04_23-15_26_52-p11.csv,R2_W1_12C,R2,W1,12C,p11,2023-12-04,15:26:52,5,489,572,84,42.0,243.5,1439
D:\PycnoStressMonitor\data\cold_box_flips\R2_W1_12C\p11\0-12_04_23-15_26_52-p11.csv,R2_W1_12C,R2,W1,12C,p11,2023-12-04,15:26:52,6,605,650,46,23.0,301.5,1439
D:\PycnoStressMonitor\data\cold_box_flips\R2_W1_12C\p11\0-12_04_23-15_26_52-p11.csv,R2_W1_12C,R2,W1,12C,p11,2023-12-04,15:26:52,7,670,770,101,50.5,334.0,1439
D:\PycnoStressMonitor\data\cold_box_flips\R2_W1_12C\p11\0-12_04_23-15_26_52-p11.csv,R2_W1_12C,R2,W1,12C,p11,2023-12-04,15:26:52,8,809,863,55,27.5,403.5,1439
D:\PycnoStressMonitor\data\cold_box_flips\R2_W1_12C\p11\0-12_04_23-15_26_52-p11.csv,R2_W1_12C,R2,W1,12C,p11,2023-12-04,15:26:52,9,891,937,47,23.5,444.5,1439
D:\PycnoStressMonitor\data\cold_box_flips\R2_W1_12C\p11\0-12_04_23-15_26_52-p11.csv,R2_W1_12C,R2,W1,12C,p11,2023-12-04,15:26:52,10,959,1048,90,45.0,478.5,1439
D:\PycnoStressMonitor\data\cold_box_flips\R2_W1_12C\p11\0-12_04_23-15_26_52-p11.csv,R2_W1_12C,R2,W1,12C,p11,2023-12-04,15:26:52,11,1082,1161,80,40.0,540.0,1439
D:\PycnoStressMonitor\data\cold_box_flips\R2_W1_12C\p11\0-12_04_23-15_26_52-p11.csv,R2_W1_12C,R2,W1,12C,p11,2023-12-04,15:26:52,12,1222,1330,109,54.5,610.0,1439
D:\PycnoStressMonitor\data\cold_box_flips\R2_W1_12C\p11\0-12_04_23-15_26_52-p11.csv,R2_W1_12C,R2,W1,12C,p11,2023-12-04,15:26:52,13,1381,1439,59,29.5,689.5,1439
D:\PycnoStressMonitor\data\cold_box_flips\R2_W1_12C\p2\0-12_04_23-14_58_24-p2.csv,R2_W1_12C,R2,W1,12C,p2,2023-12-04,14:58:24,1,35,62,28,14.0,0.0,1315
D:\PycnoStressMonitor\data\cold_box_flips\R2_W1_12C\p2\0-12_04_23-14_58_24-p2.csv,R2_W1_12C,R2,W1,12C,p2,2023-12-04,14:58:24,2,98,117,20,10.0,31.5,1315
D:\PycnoStressMonitor\data\cold_box_flips\R2_W1_12C\p2\0-12_04_23-14_58_24-p2.csv,R2_W1_12C,R2,W1,12C,p2,2023-12-04,14:58:24,3,136,160,25,12.5,50.5,1315
D:\PycnoStressMonitor\data\cold_box_flips\R2_W1_12C\p2\0-12_04_23-14_58_24-p2.csv,R2_W1_12C,R2,W1,12C,p2,2023-12-04,14:58:24,4,175,219,45,22.5,70.0,1315
D:\PycnoStressMonitor\data\cold_box_flips\R2_W1_12C\p2\0-12_04_23-14_58_24-p2.csv,R2_W1_12C,R2,W1,12C,p2,2023-12-04,14:58:24,5,255,296,42,21.0,110.0,1315
D:\PycnoStressMonitor\data\cold_box_flips\R2_W1_12C\p2\0-12_04_23-14_58_24-p2.csv,R2_W1_12C,R2,W1,12C,p2,2023-12-04,14:58:24,6,315,340,26,13.0,140.0,1315
D:\PycnoStressMonitor\data\cold_box_flips\R2_W1_12C\p2\0-12_04_23-14_58_24-p2.csv,R2_W1_12C,R2,W1,12C,p2,2023-12-04,14:58:24,7,363,387,25,12.5,164.0,1315
D:\PycnoStressMonitor\data\cold_box_flips\R2_W1_12C\p2\0-12_04_23-14_58_24-p2.csv,R2_W1_12C,R2,W1,12C,p2,2023-12-04,14:58:24,8,408,435,28,14.0,186.5,1315
D:\PycnoStressMonitor\data\cold_box_flips\R2_W1_12C\p2\0-12_04_23-14_58_24-p2.csv,R2_W1_12C,R2,W1,12C,p2,2023-12-04,14:58:24,9,463,498,36,18.0,214.0,1315
D:\PycnoStressMonitor\data\cold_box_flips\R2_W1_12C\p2\0-12_04_23-14_58_24-p2.csv,R2_W1_12C,R2,W1,12C,p2,2023-12-04,14:58:24,10,536,560,25,12.5,250.5,1315
D:\PycnoStressMonitor\data\cold_box_flips\R2_W1_12C\p2\0-12_04_23-14_58_24-p2.csv,R2_W1_12C,R2,W1,12C,p2,2023-12-04,14:58:24,11,649,674,26,13.0,307.0,1315
D:\PycnoStressMonitor\data\cold_box_flips\R2_W1_12C\p2\0-12_04_23-14_58_24-p2.csv,R2_W1_12C,R2,W1,12C,p2,2023-12-04,14:58:24,12,698,723,26,13.0,331.5,1315
D:\PycnoStressMonitor\data\cold_box_flips\R2_W1_12C\p2\0-12_04_23-14_58_24-p2.csv,R2_W1_12C,R2,W1,12C,p2,2023-12-04,14:58:24,13,749,773,25,12.5,357.0,1315
D:\PycnoStressMonitor\data\cold_box_flips\R2_W1_12C\p2\0-12_04_23-14_58_24-p2.csv,R2_W1_12C,R2,W1,12C,p2,2023-12-04,14:58:24,14,810,837,28,14.0,387.5,1315
D:\PycnoStressMonitor\data\cold_box_flips\R2_W1_12C\p2\0-12_04_23-14_58_24-p2.csv,R2_W1_12C,R2,W1,12C,p2,2023-12-04,14:58:24,15,873,900,28,14.0,419.0,1315
D:\PycnoStressMonitor\data\cold_box_flips\R2_W1_12C\p2\0-12_04_23-14_58_24-p2.csv,R2_W1_12C,R2,W1,12C,p2,2023-12-04,14:58:24,16,935,967,33,16.5,450.0,1315
D:\PycnoStressMonitor\data\cold_box_flips\R2_W1_12C\p2\0-12_04_23-14_58_24-p2.csv,R2_W1_12C,R2,W1,12C,p2,2023-12-04,14:58:24,17,986,1028,43,21.5,475.5,1315
D:\PycnoStressMonitor\data\cold_box_flips\R2_W1_12C\p2\0-12_04_23-14_58_24-p2.csv,R2_W1_12C,R2,W1,12C,p2,2023-12-04,14:58:24,18,1045,1085,41,20.5,505.0,1315
D:\PycnoStressMonitor\data\cold_box_flips\R2_W1_12C\p2\0-12_04_23-14_58_24-p2.csv,R2_W1_12C,R2,W1,12C,p2,2023-12-04,14:58:24,19,1123,1155,33,16.5,544.0,1315
D:\PycnoStressMonitor\data\cold_box_flips\R2_W1_12C\p2\0-12_04_23-14_58_24-p2.csv,R2_W1_12C,R2,W1,12C,p2,2023-12-04,14:58:24,20,1197,1214,18,9.0,581.0,1315
D:\PycnoStressMonitor\data\cold_box_flips\R2_W1_12C\p2\0-12_04_23-14_58_24-p2.csv,R2_W1_12C,R2,W1,12C,p2,2023-12-04,14:58:24,21,1240,1260,21,10.5,602.5,1315
D:\PycnoStressMonitor\data\cold_box_flips\R2_W1_12C\p8\0-12_04_23-15_12_38-p8.csv,R2_W1_12C,R2,W1,12C,p8,2023-12-04,15:12:38,1,54,236,183,91.5,0.0,1331
D:\PycnoStressMonitor\data\cold_box_flips\R2_W1_12C\p8\0-12_04_23-15_12_38-p8.csv,R2_W1_12C,R2,W1,12C,p8,2023-12-04,15:12:38,2,260,388,129,64.5,103.0,1331
D:\PycnoStressMonitor\data\cold_box_flips\R2_W1_12C\p8\0-12_04_23-15_12_38-p8.csv,R2_W1_12C,R2,W1,12C,p8,2023-12-04,15:12:38,3,410,526,117,58.5,178.0,1331
D:\PycnoStressMonitor\data\cold_box_flips\R2_W1_12C\p8\0-12_04_23-15_12_38-p8.csv,R2_W1_12C,R2,W1,12C,p8,2023-12-04,15:12:38,4,560,804,245,122.5,253.0,1331
D:\PycnoStressMonitor\data\cold_box_flips\R2_W1_12C\p8\0-12_04_23-15_12_38-p8.csv,R2_W1_12C,R2,W1,12C,p8,2023-12-04,15:12:38,5,848,950,103,51.5,397.0,1331
D:\PycnoStressMonitor\data\cold_box_flips\R2_W1_12C\p8\0-12_04_23-15_12_38-p8.csv,R2_W1_12C,R2,W1,12C,p8,2023-12-04,15:12:38,6,971,1123,153,76.5,458.5,1331
D:\PycnoStressMonitor\data\cold_box_flips\R2_W1_12C\p8\0-12_04_23-15_12_38-p8.csv,R2_W1_12C,R2,W1,12C,p8,2023-12-04,15:12:38,7,1152,1281,130,65.0,549.0,1331
D:\PycnoStressMonitor\data\cold_box_flips\R2_W2_12C\i2\0-12_10_23-12_40_36-i2.csv,R2_W2_12C,R2,W2,12C,i2,2023-12-10,12:40:36,1,24,367,344,172.0,0.0,1294
D:\PycnoStressMonitor\data\cold_box_flips\R2_W2_12C\i2\0-12_10_23-12_40_36-i2.csv,R2_W2_12C,R2,W2,12C,i2,2023-12-10,12:40:36,2,397,453,57,28.5,186.5,1294
D:\PycnoStressMonitor\data\cold_box_flips\R2_W2_12C\i2\0-12_10_23-12_40_36-i2.csv,R2_W2_12C,R2,W2,12C,i2,2023-12-10,12:40:36,3,481,598,118,59.0,228.5,1294
D:\PycnoStressMonitor\data\cold_box_flips\R2_W2_12C\i2\0-12_10_23-12_40_36-i2.csv,R2_W2_12C,R2,W2,12C,i2,2023-12-10,12:40:36,4,626,777,152,76.0,301.0,1294
D:\PycnoStressMonitor\data\cold_box_flips\R2_W2_12C\i2\0-12_10_23-12_40_36-i2.csv,R2_W2_12C,R2,W2,12C,i2,2023-12-10,12:40:36,5,810,874,65,32.5,393.0,1294
D:\PycnoStressMonitor\data\cold_box_flips\R2_W2_12C\i2\0-12_10_23-12_40_36-i2.csv,R2_W2_12C,R2,W2,12C,i2,2023-12-10,12:40:36,6,898,1053,156,78.0,437.0,1294
D:\PycnoStressMonitor\data\cold_box_flips\R2_W2_12C\i2\0-12_10_23-12_40_36-i2.csv,R2_W2_12C,R2,W2,12C,i2,2023-12-10,12:40:36,7,1076,1116,41,20.5,526.0,1294
D:\PycnoStressMonitor\data\cold_box_flips\R2_W2_12C\i2\0-12_10_23-12_40_36-i2.csv,R2_W2_12C,R2,W2,12C,i2,2023-12-10,12:40:36,8,1146,1228,83,41.5,561.0,1294
D:\PycnoStressMonitor\data\cold_box_flips\R2_W2_12C\i4\0-12_10_23-12_53_13-i4.csv,R2_W2_12C,R2,W2,12C,i4,2023-12-10,12:53:13,1,33,104,72,36.0,0.0,1439
D:\PycnoStressMonitor\data\cold_box_flips\R2_W2_12C\i4\0-12_10_23-12_53_13-i4.csv,R2_W2_12C,R2,W2,12C,i4,2023-12-10,12:53:13,2,136,211,76,38.0,51.5,1439
D:\PycnoStressMonitor\data\cold_box_flips\R2_W2_12C\i4\0-12_10_23-12_53_13-i4.csv,R2_W2_12C,R2,W2,12C,i4,2023-12-10,12:53:13,3,248,342,95,47.5,107.5,1439
D:\PycnoStressMonitor\data\cold_box_flips\R2_W2_12C\i4\0-12_10_23-12_53_13-i4.csv,R2_W2_12C,R2,W2,12C,i4,2023-12-10,12:53:13,4,362,387,26,13.0,164.5,1439
D:\PycnoStressMonitor\data\cold_box_flips\R2_W2_12C\i4\0-12_10_23-12_53_13-i4.csv,R2_W2_12C,R2,W2,12C,i4,2023-12-10,12:53:13,5,406,442,37,18.5,186.5,1439
D:\PycnoStressMonitor\data\cold_box_flips\R2_W2_12C\i4\0-12_10_23-12_53_13-i4.csv,R2_W2_12C,R2,W2,12C,i4,2023-12-10,12:53:13,6,458,525,68,34.0,212.5,1439
D:\PycnoStressMonitor\data\cold_box_flips\R2_W2_12C\i4\0-12_10_23-12_53_13-i4.csv,R2_W2_12C,R2,W2,12C,i4,2023-12-10,12:53:13,7,544,609,66,33.0,255.5,1439
D:\PycnoStressMonitor\data\cold_box_flips\R2_W2_12C\i4\0-12_10_23-12_53_13-i4.csv,R2_W2_12C,R2,W2,12C,i4,2023-12-10,12:53:13,8,641,692,52,26.0,304.0,1439
D:\PycnoStressMonitor\data\cold_box_flips\R2_W2_12C\i4\0-12_10_23-12_53_13-i4.csv,R2_W2_12C,R2,W2,12C,i4,2023-12-10,12:53:13,9,712,770,59,29.5,339.5,1439
D:\PycnoStressMonitor\data\cold_box_flips\R2_W2_12C\i4\0-12_10_23-12_53_13-i4.csv,R2_W2_12C,R2,W2,12C,i4,2023-12-10,12:53:13,10,792,823,32,16.0,379.5,1439
D:\PycnoStressMonitor\data\cold_box_flips\R2_W2_12C\i4\0-12_10_23-12_53_13-i4.csv,R2_W2_12C,R2,W2,12C,i4,2023-12-10,12:53:13,11,845,905,61,30.5,406.0,1439
D:\PycnoStressMonitor\data\cold_box_flips\R2_W2_12C\i4\0-12_10_23-12_53_13-i4.csv,R2_W2_12C,R2,W2,12C,i4,2023-12-10,12:53:13,12,935,977,43,21.5,451.0,1439
D:\PycnoStressMonitor\data\cold_box_flips\R2_W2_12C\i4\0-12_10_23-12_53_13-i4.csv,R2_W2_12C,R2,W2,12C,i4,2023-12-10,12:53:13,13,1017,1080,64,32.0,492.0,1439
D:\PycnoStressMonitor\data\cold_box_flips\R2_W2_12C\i4\0-12_10_23-12_53_13-i4.csv,R2_W2_12C,R2,W2,12C,i4,2023-12-10,12:53:13,14,1107,1161,55,27.5,537.0,1439
D:\PycnoStressMonitor\data\cold_box_flips\R2_W2_12C\i4\0-12_10_23-12_53_13-i4.csv,R2_W2_12C,R2,W2,12C,i4,2023-12-10,12:53:13,15,1186,1439,254,127.0,576.5,1439
D:\PycnoStressMonitor\data\cold_box_flips\R2_W2_12C\i6\0-12_10_23-13_07_10-i6.csv,R2_W2_12C,R2,W2,12C,i6,2023-12-10,13:07:10,1,89,159,71,35.5,0.0,1328
D:\PycnoStressMonitor\data\cold_box_flips\R2_W2_12C\i6\0-12_10_23-13_07_10-i6.csv,R2_W2_12C,R2,W2,12C,i6,2023-12-10,13:07:10,2,177,259,83,41.5,44.0,1328
D:\PycnoStressMonitor\data\cold_box_flips\R2_W2_12C\i6\0-12_10_23-13_07_10-i6.csv,R2_W2_12C,R2,W2,12C,i6,2023-12-10,13:07:10,3,264,283,20,10.0,87.5,1328
D:\PycnoStressMonitor\data\cold_box_flips\R2_W2_12C\i6\0-12_10_23-13_07_10-i6.csv,R2_W2_12C,R2,W2,12C,i6,2023-12-10,13:07:10,4,298,382,85,42.5,104.5,1328
D:\PycnoStressMonitor\data\cold_box_flips\R2_W2_12C\i6\0-12_10_23-13_07_10-i6.csv,R2_W2_12C,R2,W2,12C,i6,2023-12-10,13:07:10,5,418,527,110,55.0,164.5,1328
D:\PycnoStressMonitor\data\cold_box_flips\R2_W2_12C\i6\0-12_10_23-13_07_10-i6.csv,R2_W2_12C,R2,W2,12C,i6,2023-12-10,13:07:10,6,547,633,87,43.5,229.0,1328
D:\PycnoStressMonitor\data\cold_box_flips\R2_W2_12C\i6\0-12_10_23-13_07_10-i6.csv,R2_W2_12C,R2,W2,12C,i6,2023-12-10,13:07:10,7,664,727,64,32.0,287.5,1328
D:\PycnoStressMonitor\data\cold_box_flips\R2_W2_12C\i6\0-12_10_23-13_07_10-i6.csv,R2_W2_12C,R2,W2,12C,i6,2023-12-10,13:07:10,8,744,867,124,62.0,327.5,1328
D:\PycnoStressMonitor\data\cold_box_flips\R2_W2_12C\i6\0-12_10_23-13_07_10-i6.csv,R2_W2_12C,R2,W2,12C,i6,2023-12-10,13:07:10,9,898,934,37,18.5,404.5,1328
D:\PycnoStressMonitor\data\cold_box_flips\R2_W2_12C\i6\0-12_10_23-13_07_10-i6.csv,R2_W2_12C,R2,W2,12C,i6,2023-12-10,13:07:10,10,979,1029,51,25.5,445.0,1328
D:\PycnoStressMonitor\data\cold_box_flips\R2_W2_12C\i6\0-12_10_23-13_07_10-i6.csv,R2_W2_12C,R2,W2,12C,i6,2023-12-10,13:07:10,11,1082,1207,126,63.0,496.5,1328
D:\PycnoStressMonitor\data\cold_box_flips\R2_W2_12C\i6\0-12_10_23-13_07_10-i6.csv,R2_W2_12C,R2,W2,12C,i6,2023-12-10,13:07:10,12,1231,1298,68,34.0,571.0,1328
D:\PycnoStressMonitor\data\cold_box_flips\R2_W2_12C\p1\0-12_10_23-13_19_29-p1.csv,R2_W2_12C,R2,W2,12C,p1,2023-12-10,13:19:29,1,58,154,97,48.5,0.0,1276
D:\PycnoStressMonitor\data\cold_box_flips\R2_W2_12C\p1\0-12_10_23-13_19_29-p1.csv,R2_W2_12C,R2,W2,12C,p1,2023-12-10,13:19:29,2,223,310,88,44.0,82.5,1276
D:\PycnoStressMonitor\data\cold_box_flips\R2_W2_12C\p1\0-12_10_23-13_19_29-p1.csv,R2_W2_12C,R2,W2,12C,p1,2023-12-10,13:19:29,3,328,377,50,25.0,135.0,1276
D:\PycnoStressMonitor\data\cold_box_flips\R2_W2_12C\p1\0-12_10_23-13_19_29-p1.csv,R2_W2_12C,R2,W2,12C,p1,2023-12-10,13:19:29,4,397,478,82,41.0,169.5,1276
D:\PycnoStressMonitor\data\cold_box_flips\R2_W2_12C\p1\0-12_10_23-13_19_29-p1.csv,R2_W2_12C,R2,W2,12C,p1,2023-12-10,13:19:29,5,501,581,81,40.5,221.5,1276
D:\PycnoStressMonitor\data\cold_box_flips\R2_W2_12C\p1\0-12_10_23-13_19_29-p1.csv,R2_W2_12C,R2,W2,12C,p1,2023-12-10,13:19:29,6,616,679,64,32.0,279.0,1276
D:\PycnoStressMonitor\data\cold_box_flips\R2_W2_12C\p1\0-12_10_23-13_19_29-p1.csv,R2_W2_12C,R2,W2,12C,p1,2023-12-10,13:19:29,7,700,826,127,63.5,321.0,1276
D:\PycnoStressMonitor\data\cold_box_flips\R2_W2_12C\p1\0-12_10_23-13_19_29-p1.csv,R2_W2_12C,R2,W2,12C,p1,2023-12-10,13:19:29,8,852,880,29,14.5,397.0,1276
D:\PycnoStressMonitor\data\cold_box_flips\R2_W2_12C\p1\0-12_10_23-13_19_29-p1.csv,R2_W2_12C,R2,W2,12C,p1,2023-12-10,13:19:29,9,908,1004,97,48.5,425.0,1276
D:\PycnoStressMonitor\data\cold_box_flips\R2_W2_12C\p1\0-12_10_23-13_19_29-p1.csv,R2_W2_12C,R2,W2,12C,p1,2023-12-10,13:19:29,10,1026,1093,68,34.0,484.0,1276
D:\PycnoStressMonitor\data\cold_box_flips\R2_W2_12C\p1\0-12_10_23-13_19_29-p1.csv,R2_W2_12C,R2,W2,12C,p1,2023-12-10,13:19:29,11,1119,1176,58,29.0,530.5,1276
D:\PycnoStressMonitor\data\cold_box_flips\R2_W2_12C\p1\0-12_10_23-13_19_29-p1.csv,R2_W2_12C,R2,W2,12C,p1,2023-12-10,13:19:29,12,1198,1247,50,25.0,570.0,1276
D:\PycnoStressMonitor\data\cold_box_flips\R2_W2_12C\p11\0-12_10_23-13_58_59-p11.csv,R2_W2_12C,R2,W2,12C,p11,2023-12-10,13:58:59,1,23,61,39,19.5,0.0,1280
D:\PycnoStressMonitor\data\cold_box_flips\R2_W2_12C\p11\0-12_10_23-13_58_59-p11.csv,R2_W2_12C,R2,W2,12C,p11,2023-12-10,13:58:59,2,79,157,79,39.5,28.0,1280
D:\PycnoStressMonitor\data\cold_box_flips\R2_W2_12C\p11\0-12_10_23-13_58_59-p11.csv,R2_W2_12C,R2,W2,12C,p11,2023-12-10,13:58:59,3,173,202,30,15.0,75.0,1280
D:\PycnoStressMonitor\data\cold_box_flips\R2_W2_12C\p11\0-12_10_23-13_58_59-p11.csv,R2_W2_12C,R2,W2,12C,p11,2023-12-10,13:58:59,4,224,284,61,30.5,100.5,1280
D:\PycnoStressMonitor\data\cold_box_flips\R2_W2_12C\p11\0-12_10_23-13_58_59-p11.csv,R2_W2_12C,R2,W2,12C,p11,2023-12-10,13:58:59,5,305,442,138,69.0,141.0,1280
D:\PycnoStressMonitor\data\cold_box_flips\R2_W2_12C\p11\0-12_10_23-13_58_59-p11.csv,R2_W2_12C,R2,W2,12C,p11,2023-12-10,13:58:59,6,462,529,68,34.0,219.5,1280
D:\PycnoStressMonitor\data\cold_box_flips\R2_W2_12C\p11\0-12_10_23-13_58_59-p11.csv,R2_W2_12C,R2,W2,12C,p11,2023-12-10,13:58:59,7,545,606,62,31.0,261.0,1280
D:\PycnoStressMonitor\data\cold_box_flips\R2_W2_12C\p11\0-12_10_23-13_58_59-p11.csv,R2_W2_12C,R2,W2,12C,p11,2023-12-10,13:58:59,8,630,686,57,28.5,303.5,1280
D:\PycnoStressMonitor\data\cold_box_flips\R2_W2_12C\p11\0-12_10_23-13_58_59-p11.csv,R2_W2_12C,R2,W2,12C,p11,2023-12-10,13:58:59,9,712,745,34,17.0,344.5,1280
D:\PycnoStressMonitor\data\cold_box_flips\R2_W2_12C\p11\0-12_10_23-13_58_59-p11.csv,R2_W2_12C,R2,W2,12C,p11,2023-12-10,13:58:59,10,779,813,35,17.5,378.0,1280
D:\PycnoStressMonitor\data\cold_box_flips\R2_W2_12C\p11\0-12_10_23-13_58_59-p11.csv,R2_W2_12C,R2,W2,12C,p11,2023-12-10,13:58:59,11,843,867,25,12.5,410.0,1280
D:\PycnoStressMonitor\data\cold_box_flips\R2_W2_12C\p11\0-12_10_23-13_58_59-p11.csv,R2_W2_12C,R2,W2,12C,p11,2023-12-10,13:58:59,12,886,930,45,22.5,431.5,1280
D:\PycnoStressMonitor\data\cold_box_flips\R2_W2_12C\p11\0-12_10_23-13_58_59-p11.csv,R2_W2_12C,R2,W2,12C,p11,2023-12-10,13:58:59,13,946,978,33,16.5,461.5,1280
D:\PycnoStressMonitor\data\cold_box_flips\R2_W2_12C\p11\0-12_10_23-13_58_59-p11.csv,R2_W2_12C,R2,W2,12C,p11,2023-12-10,13:58:59,14,996,1067,72,36.0,486.5,1280
D:\PycnoStressMonitor\data\cold_box_flips\R2_W2_12C\p11\0-12_10_23-13_58_59-p11.csv,R2_W2_12C,R2,W2,12C,p11,2023-12-10,13:58:59,15,1102,1124,23,11.5,539.5,1280
D:\PycnoStressMonitor\data\cold_box_flips\R2_W2_12C\p11\0-12_10_23-13_58_59-p11.csv,R2_W2_12C,R2,W2,12C,p11,2023-12-10,13:58:59,16,1141,1205,65,32.5,559.0,1280
D:\PycnoStressMonitor\data\cold_box_flips\R2_W2_12C\p2\0-12_10_23-13_34_22-p2.csv,R2_W2_12C,R2,W2,12C,p2,2023-12-10,13:34:22,1,4,10,7,3.5,0.0,1281
D:\PycnoStressMonitor\data\cold_box_flips\R2_W2_12C\p2\0-12_10_23-13_34_22-p2.csv,R2_W2_12C,R2,W2,12C,p2,2023-12-10,13:34:22,2,33,86,54,27.0,14.5,1281
D:\PycnoStressMonitor\data\cold_box_flips\R2_W2_12C\p2\0-12_10_23-13_34_22-p2.csv,R2_W2_12C,R2,W2,12C,p2,2023-12-10,13:34:22,3,106,152,47,23.5,51.0,1281
D:\PycnoStressMonitor\data\cold_box_flips\R2_W2_12C\p2\0-12_10_23-13_34_22-p2.csv,R2_W2_12C,R2,W2,12C,p2,2023-12-10,13:34:22,4,175,227,53,26.5,85.5,1281
D:\PycnoStressMonitor\data\cold_box_flips\R2_W2_12C\p2\0-12_10_23-13_34_22-p2.csv,R2_W2_12C,R2,W2,12C,p2,2023-12-10,13:34:22,5,246,273,28,14.0,121.0,1281
D:\PycnoStressMonitor\data\cold_box_flips\R2_W2_12C\p2\0-12_10_23-13_34_22-p2.csv,R2_W2_12C,R2,W2,12C,p2,2023-12-10,13:34:22,6,295,324,30,15.0,145.5,1281
D:\PycnoStressMonitor\data\cold_box_flips\R2_W2_12C\p2\0-12_10_23-13_34_22-p2.csv,R2_W2_12C,R2,W2,12C,p2,2023-12-10,13:34:22,7,340,375,36,18.0,168.0,1281
D:\PycnoStressMonitor\data\cold_box_flips\R2_W2_12C\p2\0-12_10_23-13_34_22-p2.csv,R2_W2_12C,R2,W2,12C,p2,2023-12-10,13:34:22,8,411,458,48,24.0,203.5,1281
D:\PycnoStressMonitor\data\cold_box_flips\R2_W2_12C\p2\0-12_10_23-13_34_22-p2.csv,R2_W2_12C,R2,W2,12C,p2,2023-12-10,13:34:22,9,481,541,61,30.5,238.5,1281
D:\PycnoStressMonitor\data\cold_box_flips\R2_W2_12C\p2\0-12_10_23-13_34_22-p2.csv,R2_W2_12C,R2,W2,12C,p2,2023-12-10,13:34:22,10,559,588,30,15.0,277.5,1281
D:\PycnoStressMonitor\data\cold_box_flips\R2_W2_12C\p2\0-12_10_23-13_34_22-p2.csv,R2_W2_12C,R2,W2,12C,p2,2023-12-10,13:34:22,11,608,649,42,21.0,302.0,1281
D:\PycnoStressMonitor\data\cold_box_flips\R2_W2_12C\p2\0-12_10_23-13_34_22-p2.csv,R2_W2_12C,R2,W2,12C,p2,2023-12-10,13:34:22,12,673,727,55,27.5,334.5,1281
D:\PycnoStressMonitor\data\cold_box_flips\R2_W2_12C\p2\0-12_10_23-13_34_22-p2.csv,R2_W2_12C,R2,W2,12C,p2,2023-12-10,13:34:22,13,753,811,59,29.5,374.5,1281
D:\PycnoStressMonitor\data\cold_box_flips\R2_W2_12C\p2\0-12_10_23-13_34_22-p2.csv,R2_W2_12C,R2,W2,12C,p2,2023-12-10,13:34:22,14,833,856,24,12.0,414.5,1281
D:\PycnoStressMonitor\data\cold_box_flips\R2_W2_12C\p2\0-12_10_23-13_34_22-p2.csv,R2_W2_12C,R2,W2,12C,p2,2023-12-10,13:34:22,15,872,932,61,30.5,434.0,1281
D:\PycnoStressMonitor\data\cold_box_flips\R2_W2_12C\p2\0-12_10_23-13_34_22-p2.csv,R2_W2_12C,R2,W2,12C,p2,2023-12-10,13:34:22,16,957,988,32,16.0,476.5,1281
D:\PycnoStressMonitor\data\cold_box_flips\R2_W2_12C\p2\0-12_10_23-13_34_22-p2.csv,R2_W2_12C,R2,W2,12C,p2,2023-12-10,13:34:22,17,1014,1045,32,16.0,505.0,1281
D:\PycnoStressMonitor\data\cold_box_flips\R2_W2_12C\p2\0-12_10_23-13_34_22-p2.csv,R2_W2_12C,R2,W2,12C,p2,2023-12-10,13:34:22,18,1065,1113,49,24.5,530.5,1281
D:\PycnoStressMonitor\data\cold_box_flips\R2_W2_12C\p2\0-12_10_23-13_34_22-p2.csv,R2_W2_12C,R2,W2,12C,p2,2023-12-10,13:34:22,19,1140,1198,59,29.5,568.0,1281
D:\PycnoStressMonitor\data\cold_box_flips\R2_W2_12C\p2\0-12_10_23-13_34_22-p2.csv,R2_W2_12C,R2,W2,12C,p2,2023-12-10,13:34:22,20,1218,1242,25,12.5,607.0,1281
D:\PycnoStressMonitor\data\cold_box_flips\R2_W2_12C\p8\0-12_10_23-13_46_42-p8.csv,R2_W2_12C,R2,W2,12C,p8,2023-12-10,13:46:42,1,29,162,134,67.0,0.0,1344
D:\PycnoStressMonitor\data\cold_box_flips\R2_W2_12C\p8\0-12_10_23-13_46_42-p8.csv,R2_W2_12C,R2,W2,12C,p8,2023-12-10,13:46:42,2,186,296,111,55.5,78.5,1344
D:\PycnoStressMonitor\data\cold_box_flips\R2_W2_12C\p8\0-12_10_23-13_46_42-p8.csv,R2_W2_12C,R2,W2,12C,p8,2023-12-10,13:46:42,3,316,413,98,49.0,143.5,1344
D:\PycnoStressMonitor\data\cold_box_flips\R2_W2_12C\p8\0-12_10_23-13_46_42-p8.csv,R2_W2_12C,R2,W2,12C,p8,2023-12-10,13:46:42,4,443,546,104,52.0,207.0,1344
D:\PycnoStressMonitor\data\cold_box_flips\R2_W2_12C\p8\0-12_10_23-13_46_42-p8.csv,R2_W2_12C,R2,W2,12C,p8,2023-12-10,13:46:42,5,570,667,98,49.0,270.5,1344
D:\PycnoStressMonitor\data\cold_box_flips\R2_W2_12C\p8\0-12_10_23-13_46_42-p8.csv,R2_W2_12C,R2,W2,12C,p8,2023-12-10,13:46:42,6,693,855,163,81.5,332.0,1344
D:\PycnoStressMonitor\data\cold_box_flips\R2_W2_12C\p8\0-12_10_23-13_46_42-p8.csv,R2_W2_12C,R2,W2,12C,p8,2023-12-10,13:46:42,7,886,1044,159,79.5,428.5,1344
D:\PycnoStressMonitor\data\cold_box_flips\R2_W2_12C\p8\0-12_10_23-13_46_42-p8.csv,R2_W2_12C,R2,W2,12C,p8,2023-12-10,13:46:42,8,1068,1189,122,61.0,519.5,1344
D:\PycnoStressMonitor\data\cold_box_flips\R2_W2_12C\p8\0-12_10_23-13_46_42-p8.csv,R2_W2_12C,R2,W2,12C,p8,2023-12-10,13:46:42,9,1211,1321,111,55.5,591.0,1344
D:\PycnoStressMonitor\data\cold_box_flips\R3_W1_12C\i1\0-12_14_23-14_00_42-i1.csv,R3_W1_12C,R3,W1,12C,i1,2023-12-14,14:00:42,1,32,241,210,105.0,0.0,1426
D:\PycnoStressMonitor\data\cold_box_flips\R3_W1_12C\i1\0-12_14_23-14_00_42-i1.csv,R3_W1_12C,R3,W1,12C,i1,2023-12-14,14:00:42,2,262,353,92,46.0,115.0,1426
D:\PycnoStressMonitor\data\cold_box_flips\R3_W1_12C\i1\0-12_14_23-14_00_42-i1.csv,R3_W1_12C,R3,W1,12C,i1,2023-12-14,14:00:42,3,377,448,72,36.0,172.5,1426
D:\PycnoStressMonitor\data\cold_box_flips\R3_W1_12C\i1\0-12_14_23-14_00_42-i1.csv,R3_W1_12C,R3,W1,12C,i1,2023-12-14,14:00:42,4,470,568,99,49.5,219.0,1426
D:\PycnoStressMonitor\data\cold_box_flips\R3_W1_12C\i1\0-12_14_23-14_00_42-i1.csv,R3_W1_12C,R3,W1,12C,i1,2023-12-14,14:00:42,5,583,640,58,29.0,275.5,1426
D:\PycnoStressMonitor\data\cold_box_flips\R3_W1_12C\i1\0-12_14_23-14_00_42-i1.csv,R3_W1_12C,R3,W1,12C,i1,2023-12-14,14:00:42,6,661,762,102,51.0,314.5,1426
D:\PycnoStressMonitor\data\cold_box_flips\R3_W1_12C\i1\0-12_14_23-14_00_42-i1.csv,R3_W1_12C,R3,W1,12C,i1,2023-12-14,14:00:42,7,783,846,64,32.0,375.5,1426
D:\PycnoStressMonitor\data\cold_box_flips\R3_W1_12C\i1\0-12_14_23-14_00_42-i1.csv,R3_W1_12C,R3,W1,12C,i1,2023-12-14,14:00:42,8,869,940,72,36.0,418.5,1426
D:\PycnoStressMonitor\data\cold_box_flips\R3_W1_12C\i1\0-12_14_23-14_00_42-i1.csv,R3_W1_12C,R3,W1,12C,i1,2023-12-14,14:00:42,9,964,1038,75,37.5,466.0,1426
D:\PycnoStressMonitor\data\cold_box_flips\R3_W1_12C\i1\0-12_14_23-14_00_42-i1.csv,R3_W1_12C,R3,W1,12C,i1,2023-12-14,14:00:42,10,1053,1148,96,48.0,510.5,1426
D:\PycnoStressMonitor\data\cold_box_flips\R3_W1_12C\i1\0-12_14_23-14_00_42-i1.csv,R3_W1_12C,R3,W1,12C,i1,2023-12-14,14:00:42,11,1160,1377,218,109.0,564.0,1426
D:\PycnoStressMonitor\data\cold_box_flips\R3_W1_12C\i10\0-12_14_23-14_26_30-i10.csv,R3_W1_12C,R3,W1,12C,i10,2023-12-14,14:26:30,1,43,385,343,171.5,0.0,1341
D:\PycnoStressMonitor\data\cold_box_flips\R3_W1_12C\i10\0-12_14_23-14_26_30-i10.csv,R3_W1_12C,R3,W1,12C,i10,2023-12-14,14:26:30,2,437,605,169,84.5,197.0,1341
D:\PycnoStressMonitor\data\cold_box_flips\R3_W1_12C\i10\0-12_14_23-14_26_30-i10.csv,R3_W1_12C,R3,W1,12C,i10,2023-12-14,14:26:30,3,634,720,87,43.5,295.5,1341
D:\PycnoStressMonitor\data\cold_box_flips\R3_W1_12C\i10\0-12_14_23-14_26_30-i10.csv,R3_W1_12C,R3,W1,12C,i10,2023-12-14,14:26:30,4,739,840,102,51.0,348.0,1341
D:\PycnoStressMonitor\data\cold_box_flips\R3_W1_12C\i10\0-12_14_23-14_26_30-i10.csv,R3_W1_12C,R3,W1,12C,i10,2023-12-14,14:26:30,5,863,940,78,39.0,410.0,1341
D:\PycnoStressMonitor\data\cold_box_flips\R3_W1_12C\i10\0-12_14_23-14_26_30-i10.csv,R3_W1_12C,R3,W1,12C,i10,2023-12-14,14:26:30,6,960,1055,96,48.0,458.5,1341
D:\PycnoStressMonitor\data\cold_box_flips\R3_W1_12C\i10\0-12_14_23-14_26_30-i10.csv,R3_W1_12C,R3,W1,12C,i10,2023-12-14,14:26:30,7,1083,1191,109,54.5,520.0,1341
D:\PycnoStressMonitor\data\cold_box_flips\R3_W1_12C\i10\0-12_14_23-14_26_30-i10.csv,R3_W1_12C,R3,W1,12C,i10,2023-12-14,14:26:30,8,1208,1293,86,43.0,582.5,1341
D:\PycnoStressMonitor\data\cold_box_flips\R3_W1_12C\i12\0-12_14_23-14_38_49-i12.csv,R3_W1_12C,R3,W1,12C,i12,2023-12-14,14:38:49,1,31,131,101,50.5,0.0,1293
D:\PycnoStressMonitor\data\cold_box_flips\R3_W1_12C\i12\0-12_14_23-14_38_49-i12.csv,R3_W1_12C,R3,W1,12C,i12,2023-12-14,14:38:49,2,158,249,92,46.0,63.5,1293
D:\PycnoStressMonitor\data\cold_box_flips\R3_W1_12C\i12\0-12_14_23-14_38_49-i12.csv,R3_W1_12C,R3,W1,12C,i12,2023-12-14,14:38:49,3,264,399,136,68.0,116.5,1293
D:\PycnoStressMonitor\data\cold_box_flips\R3_W1_12C\i12\0-12_14_23-14_38_49-i12.csv,R3_W1_12C,R3,W1,12C,i12,2023-12-14,14:38:49,4,422,562,141,70.5,195.5,1293
D:\PycnoStressMonitor\data\cold_box_flips\R3_W1_12C\i12\0-12_14_23-14_38_49-i12.csv,R3_W1_12C,R3,W1,12C,i12,2023-12-14,14:38:49,5,588,640,53,26.5,278.5,1293
D:\PycnoStressMonitor\data\cold_box_flips\R3_W1_12C\i12\0-12_14_23-14_38_49-i12.csv,R3_W1_12C,R3,W1,12C,i12,2023-12-14,14:38:49,6,667,704,38,19.0,318.0,1293
D:\PycnoStressMonitor\data\cold_box_flips\R3_W1_12C\i12\0-12_14_23-14_38_49-i12.csv,R3_W1_12C,R3,W1,12C,i12,2023-12-14,14:38:49,7,727,781,55,27.5,348.0,1293
D:\PycnoStressMonitor\data\cold_box_flips\R3_W1_12C\i12\0-12_14_23-14_38_49-i12.csv,R3_W1_12C,R3,W1,12C,i12,2023-12-14,14:38:49,8,796,836,41,20.5,382.5,1293
D:\PycnoStressMonitor\data\cold_box_flips\R3_W1_12C\i12\0-12_14_23-14_38_49-i12.csv,R3_W1_12C,R3,W1,12C,i12,2023-12-14,14:38:49,9,858,917,60,30.0,413.5,1293
D:\PycnoStressMonitor\data\cold_box_flips\R3_W1_12C\i12\0-12_14_23-14_38_49-i12.csv,R3_W1_12C,R3,W1,12C,i12,2023-12-14,14:38:49,10,937,1018,82,41.0,453.0,1293
D:\PycnoStressMonitor\data\cold_box_flips\R3_W1_12C\i12\0-12_14_23-14_38_49-i12.csv,R3_W1_12C,R3,W1,12C,i12,2023-12-14,14:38:49,11,1035,1085,51,25.5,502.0,1293
D:\PycnoStressMonitor\data\cold_box_flips\R3_W1_12C\i12\0-12_14_23-14_38_49-i12.csv,R3_W1_12C,R3,W1,12C,i12,2023-12-14,14:38:49,12,1095,1156,62,31.0,532.0,1293
D:\PycnoStressMonitor\data\cold_box_flips\R3_W1_12C\i12\0-12_14_23-14_38_49-i12.csv,R3_W1_12C,R3,W1,12C,i12,2023-12-14,14:38:49,13,1175,1252,78,39.0,572.0,1293
D:\PycnoStressMonitor\data\cold_box_flips\R3_W1_12C\i9\0-12_14_23-14_13_30-i9.csv,R3_W1_12C,R3,W1,12C,i9,2023-12-14,14:13:30,1,32,147,116,58.0,0.0,1430
D:\PycnoStressMonitor\data\cold_box_flips\R3_W1_12C\i9\0-12_14_23-14_13_30-i9.csv,R3_W1_12C,R3,W1,12C,i9,2023-12-14,14:13:30,2,172,256,85,42.5,70.0,1430
D:\PycnoStressMonitor\data\cold_box_flips\R3_W1_12C\i9\0-12_14_23-14_13_30-i9.csv,R3_W1_12C,R3,W1,12C,i9,2023-12-14,14:13:30,3,289,352,64,32.0,128.5,1430
D:\PycnoStressMonitor\data\cold_box_flips\R3_W1_12C\i9\0-12_14_23-14_13_30-i9.csv,R3_W1_12C,R3,W1,12C,i9,2023-12-14,14:13:30,4,369,428,60,30.0,168.5,1430
D:\PycnoStressMonitor\data\cold_box_flips\R3_W1_12C\i9\0-12_14_23-14_13_30-i9.csv,R3_W1_12C,R3,W1,12C,i9,2023-12-14,14:13:30,5,451,486,36,18.0,209.5,1430
D:\PycnoStressMonitor\data\cold_box_flips\R3_W1_12C\i9\0-12_14_23-14_13_30-i9.csv,R3_W1_12C,R3,W1,12C,i9,2023-12-14,14:13:30,6,513,591,79,39.5,240.5,1430
D:\PycnoStressMonitor\data\cold_box_flips\R3_W1_12C\i9\0-12_14_23-14_13_30-i9.csv,R3_W1_12C,R3,W1,12C,i9,2023-12-14,14:13:30,7,608,662,55,27.5,288.0,1430
D:\PycnoStressMonitor\data\cold_box_flips\R3_W1_12C\i9\0-12_14_23-14_13_30-i9.csv,R3_W1_12C,R3,W1,12C,i9,2023-12-14,14:13:30,8,686,830,145,72.5,327.0,1430
D:\PycnoStressMonitor\data\cold_box_flips\R3_W1_12C\i9\0-12_14_23-14_13_30-i9.csv,R3_W1_12C,R3,W1,12C,i9,2023-12-14,14:13:30,9,853,944,92,46.0,410.5,1430
D:\PycnoStressMonitor\data\cold_box_flips\R3_W1_12C\i9\0-12_14_23-14_13_30-i9.csv,R3_W1_12C,R3,W1,12C,i9,2023-12-14,14:13:30,10,970,1047,78,39.0,469.0,1430
D:\PycnoStressMonitor\data\cold_box_flips\R3_W1_12C\i9\0-12_14_23-14_13_30-i9.csv,R3_W1_12C,R3,W1,12C,i9,2023-12-14,14:13:30,11,1068,1166,99,49.5,518.0,1430
D:\PycnoStressMonitor\data\cold_box_flips\R3_W1_12C\i9\0-12_14_23-14_13_30-i9.csv,R3_W1_12C,R3,W1,12C,i9,2023-12-14,14:13:30,12,1184,1321,138,69.0,576.0,1430
D:\PycnoStressMonitor\data\cold_box_flips\R3_W1_12C\p3\0-12_14_23-13_09_30-p3.csv,R3_W1_12C,R3,W1,12C,p3,2023-12-14,13:09:30,1,1,32,32,16.0,0.0,1432
D:\PycnoStressMonitor\data\cold_box_flips\R3_W1_12C\p3\0-12_14_23-13_09_30-p3.csv,R3_W1_12C,R3,W1,12C,p3,2023-12-14,13:09:30,2,62,116,55,27.5,30.5,1432
D:\PycnoStressMonitor\data\cold_box_flips\R3_W1_12C\p3\0-12_14_23-13_09_30-p3.csv,R3_W1_12C,R3,W1,12C,p3,2023-12-14,13:09:30,3,154,230,77,38.5,76.5,1432
D:\PycnoStressMonitor\data\cold_box_flips\R3_W1_12C\p3\0-12_14_23-13_09_30-p3.csv,R3_W1_12C,R3,W1,12C,p3,2023-12-14,13:09:30,4,249,345,97,48.5,124.0,1432
D:\PycnoStressMonitor\data\cold_box_flips\R3_W1_12C\p3\0-12_14_23-13_09_30-p3.csv,R3_W1_12C,R3,W1,12C,p3,2023-12-14,13:09:30,5,366,367,2,1.0,182.5,1432
D:\PycnoStressMonitor\data\cold_box_flips\R3_W1_12C\p3\0-12_14_23-13_09_30-p3.csv,R3_W1_12C,R3,W1,12C,p3,2023-12-14,13:09:30,6,368,404,37,18.5,183.5,1432
D:\PycnoStressMonitor\data\cold_box_flips\R3_W1_12C\p3\0-12_14_23-13_09_30-p3.csv,R3_W1_12C,R3,W1,12C,p3,2023-12-14,13:09:30,7,430,534,105,52.5,214.5,1432
D:\PycnoStressMonitor\data\cold_box_flips\R3_W1_12C\p3\0-12_14_23-13_09_30-p3.csv,R3_W1_12C,R3,W1,12C,p3,2023-12-14,13:09:30,8,562,563,2,1.0,280.5,1432
D:\PycnoStressMonitor\data\cold_box_flips\R3_W1_12C\p3\0-12_14_23-13_09_30-p3.csv,R3_W1_12C,R3,W1,12C,p3,2023-12-14,13:09:30,9,564,606,43,21.5,281.5,1432
D:\PycnoStressMonitor\data\cold_box_flips\R3_W1_12C\p3\0-12_14_23-13_09_30-p3.csv,R3_W1_12C,R3,W1,12C,p3,2023-12-14,13:09:30,10,639,783,145,72.5,319.0,1432
D:\PycnoStressMonitor\data\cold_box_flips\R3_W1_12C\p3\0-12_14_23-13_09_30-p3.csv,R3_W1_12C,R3,W1,12C,p3,2023-12-14,13:09:30,11,809,886,78,39.0,404.0,1432
D:\PycnoStressMonitor\data\cold_box_flips\R3_W1_12C\p3\0-12_14_23-13_09_30-p3.csv,R3_W1_12C,R3,W1,12C,p3,2023-12-14,13:09:30,12,915,988,74,37.0,457.0,1432
D:\PycnoStressMonitor\data\cold_box_flips\R3_W1_12C\p3\0-12_14_23-13_09_30-p3.csv,R3_W1_12C,R3,W1,12C,p3,2023-12-14,13:09:30,13,1019,1061,43,21.5,509.0,1432
D:\PycnoStressMonitor\data\cold_box_flips\R3_W1_12C\p3\0-12_14_23-13_09_30-p3.csv,R3_W1_12C,R3,W1,12C,p3,2023-12-14,13:09:30,14,1088,1134,47,23.5,543.5,1432
D:\PycnoStressMonitor\data\cold_box_flips\R3_W1_12C\p3\0-12_14_23-13_09_30-p3.csv,R3_W1_12C,R3,W1,12C,p3,2023-12-14,13:09:30,15,1177,1237,61,30.5,588.0,1432
D:\PycnoStressMonitor\data\cold_box_flips\R3_W1_12C\p4\0-12_14_23-13_22_53-p4.csv,R3_W1_12C,R3,W1,12C,p4,2023-12-14,13:22:53,1,19,60,42,21.0,0.0,1339
D:\PycnoStressMonitor\data\cold_box_flips\R3_W1_12C\p4\0-12_14_23-13_22_53-p4.csv,R3_W1_12C,R3,W1,12C,p4,2023-12-14,13:22:53,2,77,125,49,24.5,29.0,1339
D:\PycnoStressMonitor\data\cold_box_flips\R3_W1_12C\p4\0-12_14_23-13_22_53-p4.csv,R3_W1_12C,R3,W1,12C,p4,2023-12-14,13:22:53,3,149,192,44,22.0,65.0,1339
D:\PycnoStressMonitor\data\cold_box_flips\R3_W1_12C\p4\0-12_14_23-13_22_53-p4.csv,R3_W1_12C,R3,W1,12C,p4,2023-12-14,13:22:53,4,215,250,36,18.0,98.0,1339
D:\PycnoStressMonitor\data\cold_box_flips\R3_W1_12C\p4\0-12_14_23-13_22_53-p4.csv,R3_W1_12C,R3,W1,12C,p4,2023-12-14,13:22:53,5,279,321,43,21.5,130.0,1339
D:\PycnoStressMonitor\data\cold_box_flips\R3_W1_12C\p4\0-12_14_23-13_22_53-p4.csv,R3_W1_12C,R3,W1,12C,p4,2023-12-14,13:22:53,6,352,463,112,56.0,166.5,1339
D:\PycnoStressMonitor\data\cold_box_flips\R3_W1_12C\p4\0-12_14_23-13_22_53-p4.csv,R3_W1_12C,R3,W1,12C,p4,2023-12-14,13:22:53,7,496,549,54,27.0,238.5,1339
D:\PycnoStressMonitor\data\cold_box_flips\R3_W1_12C\p4\0-12_14_23-13_22_53-p4.csv,R3_W1_12C,R3,W1,12C,p4,2023-12-14,13:22:53,8,577,654,78,39.0,279.0,1339
D:\PycnoStressMonitor\data\cold_box_flips\R3_W1_12C\p4\0-12_14_23-13_22_53-p4.csv,R3_W1_12C,R3,W1,12C,p4,2023-12-14,13:22:53,9,677,730,54,27.0,329.0,1339
D:\PycnoStressMonitor\data\cold_box_flips\R3_W1_12C\p4\0-12_14_23-13_22_53-p4.csv,R3_W1_12C,R3,W1,12C,p4,2023-12-14,13:22:53,10,759,823,65,32.5,370.0,1339
D:\PycnoStressMonitor\data\cold_box_flips\R3_W1_12C\p4\0-12_14_23-13_22_53-p4.csv,R3_W1_12C,R3,W1,12C,p4,2023-12-14,13:22:53,11,893,962,70,35.0,437.0,1339
D:\PycnoStressMonitor\data\cold_box_flips\R3_W1_12C\p4\0-12_14_23-13_22_53-p4.csv,R3_W1_12C,R3,W1,12C,p4,2023-12-14,13:22:53,12,983,1058,76,38.0,482.0,1339
D:\PycnoStressMonitor\data\cold_box_flips\R3_W1_12C\p4\0-12_14_23-13_22_53-p4.csv,R3_W1_12C,R3,W1,12C,p4,2023-12-14,13:22:53,13,1094,1152,59,29.5,537.5,1339
D:\PycnoStressMonitor\data\cold_box_flips\R3_W1_12C\p4\0-12_14_23-13_22_53-p4.csv,R3_W1_12C,R3,W1,12C,p4,2023-12-14,13:22:53,14,1175,1295,121,60.5,578.0,1339
D:\PycnoStressMonitor\data\cold_box_flips\R3_W1_12C\p5\1-12_14_23-13_34_54-p5.csv,R3_W1_12C,R3,W1,12C,p5,2023-12-14,13:34:54,1,95,194,100,50.0,0.0,1432
D:\PycnoStressMonitor\data\cold_box_flips\R3_W1_12C\p5\1-12_14_23-13_34_54-p5.csv,R3_W1_12C,R3,W1,12C,p5,2023-12-14,13:34:54,2,218,297,80,40.0,61.5,1432
D:\PycnoStressMonitor\data\cold_box_flips\R3_W1_12C\p5\1-12_14_23-13_34_54-p5.csv,R3_W1_12C,R3,W1,12C,p5,2023-12-14,13:34:54,3,319,366,48,24.0,112.0,1432
D:\PycnoStressMonitor\data\cold_box_flips\R3_W1_12C\p5\1-12_14_23-13_34_54-p5.csv,R3_W1_12C,R3,W1,12C,p5,2023-12-14,13:34:54,4,384,436,53,26.5,144.5,1432
D:\PycnoStressMonitor\data\cold_box_flips\R3_W1_12C\p5\1-12_14_23-13_34_54-p5.csv,R3_W1_12C,R3,W1,12C,p5,2023-12-14,13:34:54,5,459,491,33,16.5,182.0,1432
D:\PycnoStressMonitor\data\cold_box_flips\R3_W1_12C\p5\1-12_14_23-13_34_54-p5.csv,R3_W1_12C,R3,W1,12C,p5,2023-12-14,13:34:54,6,522,612,91,45.5,213.5,1432
D:\PycnoStressMonitor\data\cold_box_flips\R3_W1_12C\p5\1-12_14_23-13_34_54-p5.csv,R3_W1_12C,R3,W1,12C,p5,2023-12-14,13:34:54,7,635,706,72,36.0,270.0,1432
D:\PycnoStressMonitor\data\cold_box_flips\R3_W1_12C\p5\1-12_14_23-13_34_54-p5.csv,R3_W1_12C,R3,W1,12C,p5,2023-12-14,13:34:54,8,728,806,79,39.5,316.5,1432
D:\PycnoStressMonitor\data\cold_box_flips\R3_W1_12C\p5\1-12_14_23-13_34_54-p5.csv,R3_W1_12C,R3,W1,12C,p5,2023-12-14,13:34:54,9,825,874,50,25.0,365.0,1432
D:\PycnoStressMonitor\data\cold_box_flips\R3_W1_12C\p5\1-12_14_23-13_34_54-p5.csv,R3_W1_12C,R3,W1,12C,p5,2023-12-14,13:34:54,10,905,967,63,31.5,405.0,1432
D:\PycnoStressMonitor\data\cold_box_flips\R3_W1_12C\p5\1-12_14_23-13_34_54-p5.csv,R3_W1_12C,R3,W1,12C,p5,2023-12-14,13:34:54,11,991,1029,39,19.5,448.0,1432
D:\PycnoStressMonitor\data\cold_box_flips\R3_W1_12C\p5\1-12_14_23-13_34_54-p5.csv,R3_W1_12C,R3,W1,12C,p5,2023-12-14,13:34:54,12,1049,1109,61,30.5,477.0,1432
D:\PycnoStressMonitor\data\cold_box_flips\R3_W1_12C\p5\1-12_14_23-13_34_54-p5.csv,R3_W1_12C,R3,W1,12C,p5,2023-12-14,13:34:54,13,1127,1178,52,26.0,516.0,1432
D:\PycnoStressMonitor\data\cold_box_flips\R3_W1_12C\p5\1-12_14_23-13_34_54-p5.csv,R3_W1_12C,R3,W1,12C,p5,2023-12-14,13:34:54,14,1196,1261,66,33.0,550.5,1432
D:\PycnoStressMonitor\data\cold_box_flips\R3_W1_12C\p5\1-12_14_23-13_34_54-p5.csv,R3_W1_12C,R3,W1,12C,p5,2023-12-14,13:34:54,15,1283,1410,128,64.0,594.0,1432
D:\PycnoStressMonitor\data\cold_box_flips\R3_W1_12C\p7\0-12_14_23-13_47_49-p7.csv,R3_W1_12C,R3,W1,12C,p7,2023-12-14,13:47:49,1,104,161,58,29.0,0.0,1363
D:\PycnoStressMonitor\data\cold_box_flips\R3_W1_12C\p7\0-12_14_23-13_47_49-p7.csv,R3_W1_12C,R3,W1,12C,p7,2023-12-14,13:47:49,2,181,238,58,29.0,38.5,1363
D:\PycnoStressMonitor\data\cold_box_flips\R3_W1_12C\p7\0-12_14_23-13_47_49-p7.csv,R3_W1_12C,R3,W1,12C,p7,2023-12-14,13:47:49,3,270,344,75,37.5,83.0,1363
D:\PycnoStressMonitor\data\cold_box_flips\R3_W1_12C\p7\0-12_14_23-13_47_49-p7.csv,R3_W1_12C,R3,W1,12C,p7,2023-12-14,13:47:49,4,396,432,37,18.5,146.0,1363
D:\PycnoStressMonitor\data\cold_box_flips\R3_W1_12C\p7\0-12_14_23-13_47_49-p7.csv,R3_W1_12C,R3,W1,12C,p7,2023-12-14,13:47:49,5,463,508,46,23.0,179.5,1363
D:\PycnoStressMonitor\data\cold_box_flips\R3_W1_12C\p7\0-12_14_23-13_47_49-p7.csv,R3_W1_12C,R3,W1,12C,p7,2023-12-14,13:47:49,6,526,600,75,37.5,211.0,1363
D:\PycnoStressMonitor\data\cold_box_flips\R3_W1_12C\p7\0-12_14_23-13_47_49-p7.csv,R3_W1_12C,R3,W1,12C,p7,2023-12-14,13:47:49,7,618,667,50,25.0,257.0,1363
D:\PycnoStressMonitor\data\cold_box_flips\R3_W1_12C\p7\0-12_14_23-13_47_49-p7.csv,R3_W1_12C,R3,W1,12C,p7,2023-12-14,13:47:49,8,695,758,64,32.0,295.5,1363
D:\PycnoStressMonitor\data\cold_box_flips\R3_W1_12C\p7\0-12_14_23-13_47_49-p7.csv,R3_W1_12C,R3,W1,12C,p7,2023-12-14,13:47:49,9,780,834,55,27.5,338.0,1363
D:\PycnoStressMonitor\data\cold_box_flips\R3_W1_12C\p7\0-12_14_23-13_47_49-p7.csv,R3_W1_12C,R3,W1,12C,p7,2023-12-14,13:47:49,10,858,1061,204,102.0,377.0,1363
D:\PycnoStressMonitor\data\cold_box_flips\R3_W1_12C\p7\0-12_14_23-13_47_49-p7.csv,R3_W1_12C,R3,W1,12C,p7,2023-12-14,13:47:49,11,1097,1213,117,58.5,496.5,1363
D:\PycnoStressMonitor\data\cold_box_flips\R3_W1_12C\p7\0-12_14_23-13_47_49-p7.csv,R3_W1_12C,R3,W1,12C,p7,2023-12-14,13:47:49,12,1230,1300,71,35.5,563.0,1363
D:\PycnoStressMonitor\data\cold_box_flips\R3_W2_17C\i1\0-12_20_23-13_00_13-i1.csv,R3_W2_17C,R3,W2,17C,i1,2023-12-20,13:00:13,1,29,128,100,50.0,0.0,1253
D:\PycnoStressMonitor\data\cold_box_flips\R3_W2_17C\i1\0-12_20_23-13_00_13-i1.csv,R3_W2_17C,R3,W2,17C,i1,2023-12-20,13:00:13,2,163,253,91,45.5,67.0,1253
D:\PycnoStressMonitor\data\cold_box_flips\R3_W2_17C\i1\0-12_20_23-13_00_13-i1.csv,R3_W2_17C,R3,W2,17C,i1,2023-12-20,13:00:13,3,264,353,90,45.0,117.5,1253
D:\PycnoStressMonitor\data\cold_box_flips\R3_W2_17C\i1\0-12_20_23-13_00_13-i1.csv,R3_W2_17C,R3,W2,17C,i1,2023-12-20,13:00:13,4,393,451,59,29.5,182.0,1253
D:\PycnoStressMonitor\data\cold_box_flips\R3_W2_17C\i1\0-12_20_23-13_00_13-i1.csv,R3_W2_17C,R3,W2,17C,i1,2023-12-20,13:00:13,5,467,522,56,28.0,219.0,1253
D:\PycnoStressMonitor\data\cold_box_flips\R3_W2_17C\i1\0-12_20_23-13_00_13-i1.csv,R3_W2_17C,R3,W2,17C,i1,2023-12-20,13:00:13,6,545,633,89,44.5,258.0,1253
D:\PycnoStressMonitor\data\cold_box_flips\R3_W2_17C\i1\0-12_20_23-13_00_13-i1.csv,R3_W2_17C,R3,W2,17C,i1,2023-12-20,13:00:13,7,660,721,62,31.0,315.5,1253
D:\PycnoStressMonitor\data\cold_box_flips\R3_W2_17C\i1\0-12_20_23-13_00_13-i1.csv,R3_W2_17C,R3,W2,17C,i1,2023-12-20,13:00:13,8,739,791,53,26.5,355.0,1253
D:\PycnoStressMonitor\data\cold_box_flips\R3_W2_17C\i1\0-12_20_23-13_00_13-i1.csv,R3_W2_17C,R3,W2,17C,i1,2023-12-20,13:00:13,9,829,875,47,23.5,400.0,1253
D:\PycnoStressMonitor\data\cold_box_flips\R3_W2_17C\i1\0-12_20_23-13_00_13-i1.csv,R3_W2_17C,R3,W2,17C,i1,2023-12-20,13:00:13,10,906,962,57,28.5,438.5,1253
D:\PycnoStressMonitor\data\cold_box_flips\R3_W2_17C\i1\0-12_20_23-13_00_13-i1.csv,R3_W2_17C,R3,W2,17C,i1,2023-12-20,13:00:13,11,983,1045,63,31.5,477.0,1253
D:\PycnoStressMonitor\data\cold_box_flips\R3_W2_17C\i1\0-12_20_23-13_00_13-i1.csv,R3_W2_17C,R3,W2,17C,i1,2023-12-20,13:00:13,12,1062,1107,46,23.0,516.5,1253
D:\PycnoStressMonitor\data\cold_box_flips\R3_W2_17C\i1\0-12_20_23-13_00_13-i1.csv,R3_W2_17C,R3,W2,17C,i1,2023-12-20,13:00:13,13,1126,1223,98,49.0,548.5,1253
D:\PycnoStressMonitor\data\cold_box_flips\R3_W2_17C\i10\0-12_20_23-13_35_19-i10.csv,R3_W2_17C,R3,W2,17C,i10,2023-12-20,13:35:19,1,65,246,182,91.0,0.0,1306
D:\PycnoStressMonitor\data\cold_box_flips\R3_W2_17C\i10\0-12_20_23-13_35_19-i10.csv,R3_W2_17C,R3,W2,17C,i10,2023-12-20,13:35:19,2,269,341,73,36.5,102.0,1306
D:\PycnoStressMonitor\data\cold_box_flips\R3_W2_17C\i10\0-12_20_23-13_35_19-i10.csv,R3_W2_17C,R3,W2,17C,i10,2023-12-20,13:35:19,3,357,486,130,65.0,146.0,1306
D:\PycnoStressMonitor\data\cold_box_flips\R3_W2_17C\i10\0-12_20_23-13_35_19-i10.csv,R3_W2_17C,R3,W2,17C,i10,2023-12-20,13:35:19,4,501,550,50,25.0,218.0,1306
D:\PycnoStressMonitor\data\cold_box_flips\R3_W2_17C\i10\0-12_20_23-13_35_19-i10.csv,R3_W2_17C,R3,W2,17C,i10,2023-12-20,13:35:19,5,573,735,163,81.5,254.0,1306
D:\PycnoStressMonitor\data\cold_box_flips\R3_W2_17C\i10\0-12_20_23-13_35_19-i10.csv,R3_W2_17C,R3,W2,17C,i10,2023-12-20,13:35:19,6,751,820,70,35.0,343.0,1306
D:\PycnoStressMonitor\data\cold_box_flips\R3_W2_17C\i10\0-12_20_23-13_35_19-i10.csv,R3_W2_17C,R3,W2,17C,i10,2023-12-20,13:35:19,7,853,934,82,41.0,394.0,1306
D:\PycnoStressMonitor\data\cold_box_flips\R3_W2_17C\i10\0-12_20_23-13_35_19-i10.csv,R3_W2_17C,R3,W2,17C,i10,2023-12-20,13:35:19,8,958,1062,105,52.5,446.5,1306
D:\PycnoStressMonitor\data\cold_box_flips\R3_W2_17C\i10\0-12_20_23-13_35_19-i10.csv,R3_W2_17C,R3,W2,17C,i10,2023-12-20,13:35:19,9,1089,1152,64,32.0,512.0,1306
D:\PycnoStressMonitor\data\cold_box_flips\R3_W2_17C\i10\0-12_20_23-13_35_19-i10.csv,R3_W2_17C,R3,W2,17C,i10,2023-12-20,13:35:19,10,1177,1262,86,43.0,556.0,1306
D:\PycnoStressMonitor\data\cold_box_flips\R3_W2_17C\i12\0-12_20_23-13_47_23-i12.csv,R3_W2_17C,R3,W2,17C,i12,2023-12-20,13:47:23,1,43,189,147,73.5,0.0,1355
D:\PycnoStressMonitor\data\cold_box_flips\R3_W2_17C\i12\0-12_20_23-13_47_23-i12.csv,R3_W2_17C,R3,W2,17C,i12,2023-12-20,13:47:23,2,206,319,114,57.0,81.5,1355
D:\PycnoStressMonitor\data\cold_box_flips\R3_W2_17C\i12\0-12_20_23-13_47_23-i12.csv,R3_W2_17C,R3,W2,17C,i12,2023-12-20,13:47:23,3,352,389,38,19.0,154.5,1355
D:\PycnoStressMonitor\data\cold_box_flips\R3_W2_17C\i12\0-12_20_23-13_47_23-i12.csv,R3_W2_17C,R3,W2,17C,i12,2023-12-20,13:47:23,4,424,474,51,25.5,190.5,1355
D:\PycnoStressMonitor\data\cold_box_flips\R3_W2_17C\i12\0-12_20_23-13_47_23-i12.csv,R3_W2_17C,R3,W2,17C,i12,2023-12-20,13:47:23,5,496,557,62,31.0,226.5,1355
D:\PycnoStressMonitor\data\cold_box_flips\R3_W2_17C\i12\0-12_20_23-13_47_23-i12.csv,R3_W2_17C,R3,W2,17C,i12,2023-12-20,13:47:23,6,611,682,72,36.0,284.0,1355
D:\PycnoStressMonitor\data\cold_box_flips\R3_W2_17C\i12\0-12_20_23-13_47_23-i12.csv,R3_W2_17C,R3,W2,17C,i12,2023-12-20,13:47:23,7,696,754,59,29.5,326.5,1355
D:\PycnoStressMonitor\data\cold_box_flips\R3_W2_17C\i12\0-12_20_23-13_47_23-i12.csv,R3_W2_17C,R3,W2,17C,i12,2023-12-20,13:47:23,8,772,869,98,49.0,364.5,1355
D:\PycnoStressMonitor\data\cold_box_flips\R3_W2_17C\i12\0-12_20_23-13_47_23-i12.csv,R3_W2_17C,R3,W2,17C,i12,2023-12-20,13:47:23,9,889,926,38,19.0,423.0,1355
D:\PycnoStressMonitor\data\cold_box_flips\R3_W2_17C\i12\0-12_20_23-13_47_23-i12.csv,R3_W2_17C,R3,W2,17C,i12,2023-12-20,13:47:23,10,940,993,54,27.0,448.5,1355
D:\PycnoStressMonitor\data\cold_box_flips\R3_W2_17C\i12\0-12_20_23-13_47_23-i12.csv,R3_W2_17C,R3,W2,17C,i12,2023-12-20,13:47:23,11,1011,1059,49,24.5,484.0,1355
D:\PycnoStressMonitor\data\cold_box_flips\R3_W2_17C\i12\0-12_20_23-13_47_23-i12.csv,R3_W2_17C,R3,W2,17C,i12,2023-12-20,13:47:23,12,1073,1118,46,23.0,515.0,1355
D:\PycnoStressMonitor\data\cold_box_flips\R3_W2_17C\i12\0-12_20_23-13_47_23-i12.csv,R3_W2_17C,R3,W2,17C,i12,2023-12-20,13:47:23,13,1139,1191,53,26.5,548.0,1355
D:\PycnoStressMonitor\data\cold_box_flips\R3_W2_17C\i12\0-12_20_23-13_47_23-i12.csv,R3_W2_17C,R3,W2,17C,i12,2023-12-20,13:47:23,14,1207,1306,100,50.0,582.0,1355
D:\PycnoStressMonitor\data\cold_box_flips\R3_W2_17C\i9\0-12_20_23-13_12_26-i9.csv,R3_W2_17C,R3,W2,17C,i9,2023-12-20,13:12:26,1,50,454,405,202.5,0.0,1355
D:\PycnoStressMonitor\data\cold_box_flips\R3_W2_17C\i9\0-12_20_23-13_12_26-i9.csv,R3_W2_17C,R3,W2,17C,i9,2023-12-20,13:12:26,2,479,570,92,46.0,214.5,1355
D:\PycnoStressMonitor\data\cold_box_flips\R3_W2_17C\i9\0-12_20_23-13_12_26-i9.csv,R3_W2_17C,R3,W2,17C,i9,2023-12-20,13:12:26,3,608,702,95,47.5,279.0,1355
D:\PycnoStressMonitor\data\cold_box_flips\R3_W2_17C\i9\0-12_20_23-13_12_26-i9.csv,R3_W2_17C,R3,W2,17C,i9,2023-12-20,13:12:26,4,718,835,118,59.0,334.0,1355
D:\PycnoStressMonitor\data\cold_box_flips\R3_W2_17C\i9\0-12_20_23-13_12_26-i9.csv,R3_W2_17C,R3,W2,17C,i9,2023-12-20,13:12:26,5,868,920,53,26.5,409.0,1355
D:\PycnoStressMonitor\data\cold_box_flips\R3_W2_17C\i9\0-12_20_23-13_12_26-i9.csv,R3_W2_17C,R3,W2,17C,i9,2023-12-20,13:12:26,6,931,1040,110,55.0,440.5,1355
D:\PycnoStressMonitor\data\cold_box_flips\R3_W2_17C\i9\0-12_20_23-13_12_26-i9.csv,R3_W2_17C,R3,W2,17C,i9,2023-12-20,13:12:26,7,1059,1169,111,55.5,504.5,1355
D:\PycnoStressMonitor\data\cold_box_flips\R3_W2_17C\i9\0-12_20_23-13_12_26-i9.csv,R3_W2_17C,R3,W2,17C,i9,2023-12-20,13:12:26,8,1192,1331,140,70.0,571.0,1355
D:\PycnoStressMonitor\data\cold_box_flips\R3_W2_17C\p3\0-12_20_23-12_11_08-p3.csv,R3_W2_17C,R3,W2,17C,p3,2023-12-20,12:11:08,1,50,95,46,23.0,0.0,1283
D:\PycnoStressMonitor\data\cold_box_flips\R3_W2_17C\p3\0-12_20_23-12_11_08-p3.csv,R3_W2_17C,R3,W2,17C,p3,2023-12-20,12:11:08,2,121,175,55,27.5,35.5,1283
D:\PycnoStressMonitor\data\cold_box_flips\R3_W2_17C\p3\0-12_20_23-12_11_08-p3.csv,R3_W2_17C,R3,W2,17C,p3,2023-12-20,12:11:08,3,192,224,33,16.5,71.0,1283
D:\PycnoStressMonitor\data\cold_box_flips\R3_W2_17C\p3\0-12_20_23-12_11_08-p3.csv,R3_W2_17C,R3,W2,17C,p3,2023-12-20,12:11:08,4,246,302,57,28.5,98.0,1283
D:\PycnoStressMonitor\data\cold_box_flips\R3_W2_17C\p3\0-12_20_23-12_11_08-p3.csv,R3_W2_17C,R3,W2,17C,p3,2023-12-20,12:11:08,5,318,351,34,17.0,134.0,1283
D:\PycnoStressMonitor\data\cold_box_flips\R3_W2_17C\p3\0-12_20_23-12_11_08-p3.csv,R3_W2_17C,R3,W2,17C,p3,2023-12-20,12:11:08,6,397,420,24,12.0,173.5,1283
D:\PycnoStressMonitor\data\cold_box_flips\R3_W2_17C\p3\0-12_20_23-12_11_08-p3.csv,R3_W2_17C,R3,W2,17C,p3,2023-12-20,12:11:08,7,439,492,54,27.0,194.5,1283
D:\PycnoStressMonitor\data\cold_box_flips\R3_W2_17C\p3\0-12_20_23-12_11_08-p3.csv,R3_W2_17C,R3,W2,17C,p3,2023-12-20,12:11:08,8,508,583,76,38.0,229.0,1283
D:\PycnoStressMonitor\data\cold_box_flips\R3_W2_17C\p3\0-12_20_23-12_11_08-p3.csv,R3_W2_17C,R3,W2,17C,p3,2023-12-20,12:11:08,9,600,675,76,38.0,275.0,1283
D:\PycnoStressMonitor\data\cold_box_flips\R3_W2_17C\p3\0-12_20_23-12_11_08-p3.csv,R3_W2_17C,R3,W2,17C,p3,2023-12-20,12:11:08,10,690,776,87,43.5,320.0,1283
D:\PycnoStressMonitor\data\cold_box_flips\R3_W2_17C\p3\0-12_20_23-12_11_08-p3.csv,R3_W2_17C,R3,W2,17C,p3,2023-12-20,12:11:08,11,790,842,53,26.5,370.0,1283
D:\PycnoStressMonitor\data\cold_box_flips\R3_W2_17C\p3\0-12_20_23-12_11_08-p3.csv,R3_W2_17C,R3,W2,17C,p3,2023-12-20,12:11:08,12,878,907,30,15.0,414.0,1283
D:\PycnoStressMonitor\data\cold_box_flips\R3_W2_17C\p3\0-12_20_23-12_11_08-p3.csv,R3_W2_17C,R3,W2,17C,p3,2023-12-20,12:11:08,13,925,956,32,16.0,437.5,1283
D:\PycnoStressMonitor\data\cold_box_flips\R3_W2_17C\p3\0-12_20_23-12_11_08-p3.csv,R3_W2_17C,R3,W2,17C,p3,2023-12-20,12:11:08,14,971,1006,36,18.0,460.5,1283
D:\PycnoStressMonitor\data\cold_box_flips\R3_W2_17C\p3\0-12_20_23-12_11_08-p3.csv,R3_W2_17C,R3,W2,17C,p3,2023-12-20,12:11:08,15,1022,1104,83,41.5,486.0,1283
D:\PycnoStressMonitor\data\cold_box_flips\R3_W2_17C\p3\0-12_20_23-12_11_08-p3.csv,R3_W2_17C,R3,W2,17C,p3,2023-12-20,12:11:08,16,1121,1165,45,22.5,535.5,1283
D:\PycnoStressMonitor\data\cold_box_flips\R3_W2_17C\p3\0-12_20_23-12_11_08-p3.csv,R3_W2_17C,R3,W2,17C,p3,2023-12-20,12:11:08,17,1178,1243,66,33.0,564.0,1283
D:\PycnoStressMonitor\data\cold_box_flips\R3_W2_17C\p4\0-12_20_23-12_23_39-p4.csv,R3_W2_17C,R3,W2,17C,p4,2023-12-20,12:23:39,1,62,109,48,24.0,0.0,1290
D:\PycnoStressMonitor\data\cold_box_flips\R3_W2_17C\p4\0-12_20_23-12_23_39-p4.csv,R3_W2_17C,R3,W2,17C,p4,2023-12-20,12:23:39,2,129,189,61,30.5,33.5,1290
D:\PycnoStressMonitor\data\cold_box_flips\R3_W2_17C\p4\0-12_20_23-12_23_39-p4.csv,R3_W2_17C,R3,W2,17C,p4,2023-12-20,12:23:39,3,205,262,58,29.0,71.5,1290
D:\PycnoStressMonitor\data\cold_box_flips\R3_W2_17C\p4\0-12_20_23-12_23_39-p4.csv,R3_W2_17C,R3,W2,17C,p4,2023-12-20,12:23:39,4,285,368,84,42.0,111.5,1290
D:\PycnoStressMonitor\data\cold_box_flips\R3_W2_17C\p4\0-12_20_23-12_23_39-p4.csv,R3_W2_17C,R3,W2,17C,p4,2023-12-20,12:23:39,5,390,440,51,25.5,164.0,1290
D:\PycnoStressMonitor\data\cold_box_flips\R3_W2_17C\p4\0-12_20_23-12_23_39-p4.csv,R3_W2_17C,R3,W2,17C,p4,2023-12-20,12:23:39,6,464,523,60,30.0,201.0,1290
D:\PycnoStressMonitor\data\cold_box_flips\R3_W2_17C\p4\0-12_20_23-12_23_39-p4.csv,R3_W2_17C,R3,W2,17C,p4,2023-12-20,12:23:39,7,544,585,42,21.0,241.0,1290
D:\PycnoStressMonitor\data\cold_box_flips\R3_W2_17C\p4\0-12_20_23-12_23_39-p4.csv,R3_W2_17C,R3,W2,17C,p4,2023-12-20,12:23:39,8,612,636,25,12.5,275.0,1290
D:\PycnoStressMonitor\data\cold_box_flips\R3_W2_17C\p4\0-12_20_23-12_23_39-p4.csv,R3_W2_17C,R3,W2,17C,p4,2023-12-20,12:23:39,9,657,698,42,21.0,297.5,1290
D:\PycnoStressMonitor\data\cold_box_flips\R3_W2_17C\p4\0-12_20_23-12_23_39-p4.csv,R3_W2_17C,R3,W2,17C,p4,2023-12-20,12:23:39,10,715,812,98,49.0,326.5,1290
D:\PycnoStressMonitor\data\cold_box_flips\R3_W2_17C\p4\0-12_20_23-12_23_39-p4.csv,R3_W2_17C,R3,W2,17C,p4,2023-12-20,12:23:39,11,829,892,64,32.0,383.5,1290
D:\PycnoStressMonitor\data\cold_box_flips\R3_W2_17C\p4\0-12_20_23-12_23_39-p4.csv,R3_W2_17C,R3,W2,17C,p4,2023-12-20,12:23:39,12,914,1030,117,58.5,426.0,1290
D:\PycnoStressMonitor\data\cold_box_flips\R3_W2_17C\p4\0-12_20_23-12_23_39-p4.csv,R3_W2_17C,R3,W2,17C,p4,2023-12-20,12:23:39,13,1048,1078,31,15.5,493.0,1290
D:\PycnoStressMonitor\data\cold_box_flips\R3_W2_17C\p4\0-12_20_23-12_23_39-p4.csv,R3_W2_17C,R3,W2,17C,p4,2023-12-20,12:23:39,14,1092,1168,77,38.5,515.0,1290
D:\PycnoStressMonitor\data\cold_box_flips\R3_W2_17C\p4\0-12_20_23-12_23_39-p4.csv,R3_W2_17C,R3,W2,17C,p4,2023-12-20,12:23:39,15,1183,1245,63,31.5,560.5,1290
D:\PycnoStressMonitor\data\cold_box_flips\R3_W2_17C\p5\0-12_20_23-12_35_44-p5.csv,R3_W2_17C,R3,W2,17C,p5,2023-12-20,12:35:44,1,35,122,88,44.0,0.0,1258
D:\PycnoStressMonitor\data\cold_box_flips\R3_W2_17C\p5\0-12_20_23-12_35_44-p5.csv,R3_W2_17C,R3,W2,17C,p5,2023-12-20,12:35:44,2,149,188,40,20.0,57.0,1258
D:\PycnoStressMonitor\data\cold_box_flips\R3_W2_17C\p5\0-12_20_23-12_35_44-p5.csv,R3_W2_17C,R3,W2,17C,p5,2023-12-20,12:35:44,3,212,286,75,37.5,88.5,1258
D:\PycnoStressMonitor\data\cold_box_flips\R3_W2_17C\p5\0-12_20_23-12_35_44-p5.csv,R3_W2_17C,R3,W2,17C,p5,2023-12-20,12:35:44,4,301,362,62,31.0,133.0,1258
D:\PycnoStressMonitor\data\cold_box_flips\R3_W2_17C\p5\0-12_20_23-12_35_44-p5.csv,R3_W2_17C,R3,W2,17C,p5,2023-12-20,12:35:44,5,377,483,107,53.5,171.0,1258
D:\PycnoStressMonitor\data\cold_box_flips\R3_W2_17C\p5\0-12_20_23-12_35_44-p5.csv,R3_W2_17C,R3,W2,17C,p5,2023-12-20,12:35:44,6,503,572,70,35.0,234.0,1258
D:\PycnoStressMonitor\data\cold_box_flips\R3_W2_17C\p5\0-12_20_23-12_35_44-p5.csv,R3_W2_17C,R3,W2,17C,p5,2023-12-20,12:35:44,7,603,656,54,27.0,284.0,1258
D:\PycnoStressMonitor\data\cold_box_flips\R3_W2_17C\p5\0-12_20_23-12_35_44-p5.csv,R3_W2_17C,R3,W2,17C,p5,2023-12-20,12:35:44,8,687,757,71,35.5,326.0,1258
D:\PycnoStressMonitor\data\cold_box_flips\R3_W2_17C\p5\0-12_20_23-12_35_44-p5.csv,R3_W2_17C,R3,W2,17C,p5,2023-12-20,12:35:44,9,776,825,50,25.0,370.5,1258
D:\PycnoStressMonitor\data\cold_box_flips\R3_W2_17C\p5\0-12_20_23-12_35_44-p5.csv,R3_W2_17C,R3,W2,17C,p5,2023-12-20,12:35:44,10,842,910,69,34.5,403.5,1258
D:\PycnoStressMonitor\data\cold_box_flips\R3_W2_17C\p5\0-12_20_23-12_35_44-p5.csv,R3_W2_17C,R3,W2,17C,p5,2023-12-20,12:35:44,11,930,1058,129,64.5,447.5,1258
D:\PycnoStressMonitor\data\cold_box_flips\R3_W2_17C\p5\0-12_20_23-12_35_44-p5.csv,R3_W2_17C,R3,W2,17C,p5,2023-12-20,12:35:44,12,1075,1106,32,16.0,520.0,1258
D:\PycnoStressMonitor\data\cold_box_flips\R3_W2_17C\p5\0-12_20_23-12_35_44-p5.csv,R3_W2_17C,R3,W2,17C,p5,2023-12-20,12:35:44,13,1125,1165,41,20.5,545.0,1258
D:\PycnoStressMonitor\data\cold_box_flips\R3_W2_17C\p5\0-12_20_23-12_35_44-p5.csv,R3_W2_17C,R3,W2,17C,p5,2023-12-20,12:35:44,14,1178,1232,55,27.5,571.5,1258
D:\PycnoStressMonitor\data\cold_box_flips\R3_W2_17C\p7\0-12_20_23-12_48_06-p7.csv,R3_W2_17C,R3,W2,17C,p7,2023-12-20,12:48:06,1,54,101,48,24.0,0.0,1332
D:\PycnoStressMonitor\data\cold_box_flips\R3_W2_17C\p7\0-12_20_23-12_48_06-p7.csv,R3_W2_17C,R3,W2,17C,p7,2023-12-20,12:48:06,2,119,226,108,54.0,32.5,1332
D:\PycnoStressMonitor\data\cold_box_flips\R3_W2_17C\p7\0-12_20_23-12_48_06-p7.csv,R3_W2_17C,R3,W2,17C,p7,2023-12-20,12:48:06,3,241,292,52,26.0,93.5,1332
D:\PycnoStressMonitor\data\cold_box_flips\R3_W2_17C\p7\0-12_20_23-12_48_06-p7.csv,R3_W2_17C,R3,W2,17C,p7,2023-12-20,12:48:06,4,315,371,57,28.5,130.5,1332
D:\PycnoStressMonitor\data\cold_box_flips\R3_W2_17C\p7\0-12_20_23-12_48_06-p7.csv,R3_W2_17C,R3,W2,17C,p7,2023-12-20,12:48:06,5,382,414,33,16.5,164.0,1332
D:\PycnoStressMonitor\data\cold_box_flips\R3_W2_17C\p7\0-12_20_23-12_48_06-p7.csv,R3_W2_17C,R3,W2,17C,p7,2023-12-20,12:48:06,6,434,461,28,14.0,190.0,1332
D:\PycnoStressMonitor\data\cold_box_flips\R3_W2_17C\p7\0-12_20_23-12_48_06-p7.csv,R3_W2_17C,R3,W2,17C,p7,2023-12-20,12:48:06,7,483,540,58,29.0,214.5,1332
D:\PycnoStressMonitor\data\cold_box_flips\R3_W2_17C\p7\0-12_20_23-12_48_06-p7.csv,R3_W2_17C,R3,W2,17C,p7,2023-12-20,12:48:06,8,567,607,41,20.5,256.5,1332
D:\PycnoStressMonitor\data\cold_box_flips\R3_W2_17C\p7\0-12_20_23-12_48_06-p7.csv,R3_W2_17C,R3,W2,17C,p7,2023-12-20,12:48:06,9,620,696,77,38.5,283.0,1332
D:\PycnoStressMonitor\data\cold_box_flips\R3_W2_17C\p7\0-12_20_23-12_48_06-p7.csv,R3_W2_17C,R3,W2,17C,p7,2023-12-20,12:48:06,10,714,717,4,2.0,330.0,1332
D:\PycnoStressMonitor\data\cold_box_flips\R3_W2_17C\p7\0-12_20_23-12_48_06-p7.csv,R3_W2_17C,R3,W2,17C,p7,2023-12-20,12:48:06,11,718,791,74,37.0,332.0,1332
D:\PycnoStressMonitor\data\cold_box_flips\R3_W2_17C\p7\0-12_20_23-12_48_06-p7.csv,R3_W2_17C,R3,W2,17C,p7,2023-12-20,12:48:06,12,810,840,31,15.5,378.0,1332
D:\PycnoStressMonitor\data\cold_box_flips\R3_W2_17C\p7\0-12_20_23-12_48_06-p7.csv,R3_W2_17C,R3,W2,17C,p7,2023-12-20,12:48:06,13,855,917,63,31.5,400.5,1332
D:\PycnoStressMonitor\data\cold_box_flips\R3_W2_17C\p7\0-12_20_23-12_48_06-p7.csv,R3_W2_17C,R3,W2,17C,p7,2023-12-20,12:48:06,14,939,961,23,11.5,442.5,1332
D:\PycnoStressMonitor\data\cold_box_flips\R3_W2_17C\p7\0-12_20_23-12_48_06-p7.csv,R3_W2_17C,R3,W2,17C,p7,2023-12-20,12:48:06,15,982,1039,58,29.0,464.0,1332
D:\PycnoStressMonitor\data\cold_box_flips\R3_W2_17C\p7\0-12_20_23-12_48_06-p7.csv,R3_W2_17C,R3,W2,17C,p7,2023-12-20,12:48:06,16,1053,1104,52,26.0,499.5,1332
D:\PycnoStressMonitor\data\cold_box_flips\R3_W2_17C\p7\0-12_20_23-12_48_06-p7.csv,R3_W2_17C,R3,W2,17C,p7,2023-12-20,12:48:06,17,1118,1153,36,18.0,532.0,1332
D:\PycnoStressMonitor\data\cold_box_flips\R3_W2_17C\p7\0-12_20_23-12_48_06-p7.csv,R3_W2_17C,R3,W2,17C,p7,2023-12-20,12:48:06,18,1178,1220,43,21.5,562.0,1332
D:\PycnoStressMonitor\data\cold_box_flips\R3_W2_17C\p7\0-12_20_23-12_48_06-p7.csv,R3_W2_17C,R3,W2,17C,p7,2023-12-20,12:48:06,19,1234,1278,45,22.5,590.0,1332
